,county_state,date1,,date2,Pre_rally_beg,pre_rally_end,post_rally_beg,post_rally_end,average_growth_new_cases,pre_rally_rate,post_rally_rate,post_rally_growth_new_cases,post_rally_change_in_growth,pre_rally_rate,post_rally_rate,post_rally_growth_deaths
Mike Pence,Westmoreland_Pennsylvania,20200901,Westmoreland_Pennsylvania_20200901,9/1/2020,8/18/2020,9/1/2020,9/1/2020,9/15/2020,28.6%,24363,28614,17.45%,-38.95%,685,735,7.30%
Donald Trump,Kenosha _Wisconsin,20200901,Kenosha _Wisconsin_20200901,9/1/2020,8/18/2020,9/1/2020,9/1/2020,9/15/2020,#N/A,0,0,#DIV/0!,#DIV/0!,0,0,#DIV/0!
Donald Trump,New Hanover_North Carolina,20200902,New Hanover_North Carolina_20200902,9/2/2020,8/19/2020,9/2/2020,9/2/2020,9/16/2020,-0.2%,40524,52205,28.82%,-11988.58%,294,365,24.15%
Mike Pence,Wake_North Carolina,20200903,Wake_North Carolina_20200903,9/3/2020,8/20/2020,9/3/2020,9/3/2020,9/17/2020,-5.9%,201510,242863,20.52%,-449.97%,2738,3204,17.02%
Mike Pence,Wake_North Carolina,20200903,Wake_North Carolina_20200903,9/3/2020,8/20/2020,9/3/2020,9/3/2020,9/17/2020,-5.9%,201510,242863,20.52%,-449.97%,2738,3204,17.02%
Donald Trump,Westmoreland_Pennsylvania,20200903,Westmoreland_Pennsylvania_20200903,9/3/2020,8/20/2020,9/3/2020,9/3/2020,9/17/2020,28.6%,24721,28982,17.24%,-39.69%,686,736,7.29%
Joe Biden,Milwaukee_Wisconsin,20200903,Milwaukee_Wisconsin_20200903,9/3/2020,8/20/2020,9/3/2020,9/3/2020,9/17/2020,8.8%,330503,399423,20.85%,135.99%,6777,7619,12.42%
Joe Biden,Kenosha _Wisconsin,20200903,Kenosha _Wisconsin_20200903,9/3/2020,8/20/2020,9/3/2020,9/3/2020,9/17/2020,#N/A,0,0,#DIV/0!,#DIV/0!,0,0,#DIV/0!
Joe Biden,Milwaukee_Wisconsin,20200903,Milwaukee_Wisconsin_20200903,9/3/2020,8/20/2020,9/3/2020,9/3/2020,9/17/2020,8.8%,330503,399423,20.85%,135.99%,6777,7619,12.42%
Joe Biden,Dauphin_Pennsylvania,20200907,Dauphin_Pennsylvania_20200907,9/7/2020,8/24/2020,9/7/2020,9/7/2020,9/21/2020,-2.5%,46296,53798,16.20%,-746.35%,2284,2543,11.34%
Mike Pence,LaCrosse_Wisconsin,20200907,LaCrosse_Wisconsin_20200907,9/7/2020,8/24/2020,9/7/2020,9/7/2020,9/21/2020,#N/A,0,0,#DIV/0!,#DIV/0!,0,0,#DIV/0!
Kamala Harris,Milwaukee_Wisconsin,20200907,Milwaukee_Wisconsin_20200907,9/7/2020,8/24/2020,9/7/2020,9/7/2020,9/21/2020,8.8%,341201,409831,20.11%,127.63%,6864,7709,12.31%
Kamala Harris,Milwaukee_Wisconsin,20200907,Milwaukee_Wisconsin_20200907,9/7/2020,8/24/2020,9/7/2020,9/7/2020,9/21/2020,8.8%,341201,409831,20.11%,127.63%,6864,7709,12.31%
Donald Trump,Palm Beach_Florida,20200908,Palm Beach_Florida_20200908,9/8/2020,8/25/2020,9/8/2020,9/8/2020,9/22/2020,-11.9%,589620,665859,12.93%,-208.91%,15758,18412,16.84%
Donald Trump,Forsyth_North Carolina,20200908,Forsyth_North Carolina_20200908,9/8/2020,8/25/2020,9/8/2020,9/8/2020,9/22/2020,-3.4%,86603,99921,15.38%,-555.72%,1068,1342,25.66%
Joe Biden,Macomb_Michigan,20200909,Macomb_Michigan_20200909,9/9/2020,8/26/2020,9/9/2020,9/9/2020,9/23/2020,1.6%,183979,211190,14.79%,809.02%,13706,15156,10.58%
Joe Biden,Wayne_Michigan,20200909,Wayne_Michigan_20200909,9/9/2020,8/26/2020,9/9/2020,9/9/2020,9/23/2020,-7.4%,441007,505868,14.71%,-297.83%,40433,44259,9.46%
Mike Pence,Westmoreland_Pennsylvania,20200909,Westmoreland_Pennsylvania_20200909,9/9/2020,8/26/2020,9/9/2020,9/9/2020,9/23/2020,28.6%,25684,30171,17.47%,-38.87%,686,747,8.89%
Mike Pence,Westmoreland_Pennsylvania,20200909,Westmoreland_Pennsylvania_20200909,9/9/2020,8/26/2020,9/9/2020,9/9/2020,9/23/2020,28.6%,25684,30171,17.47%,-38.87%,686,747,8.89%
Kamala Harris,Miami-Dade_Florida,20200910,Miami-Dade_Florida_20200910,9/10/2020,8/27/2020,9/10/2020,9/10/2020,9/24/2020,-14.2%,2227051,2484056,11.54%,-181.04%,35649,44703,25.40%
Donald Trump,Saginaw_Michigan,20200910,Saginaw_Michigan_20200910,9/10/2020,8/27/2020,9/10/2020,9/10/2020,9/24/2020,6.3%,36128,42442,17.48%,175.34%,1854,2054,10.79%
Mike Pence,Rockbridge_Virginia,20200910,Rockbridge_Virginia_20200910,9/10/2020,8/27/2020,9/10/2020,9/10/2020,9/24/2020,10.1%,1186,1442,21.59%,114.70%,14,29,107.14%
Mike Pence,Manhattan_New York,20200911,Manhattan_New York_20200911,9/11/2020,8/28/2020,9/11/2020,9/11/2020,9/25/2020,#N/A,0,0,#DIV/0!,#DIV/0!,0,0,#DIV/0!
Mike Pence,Manhattan_New York,20200911,Manhattan_New York_20200911,9/11/2020,8/28/2020,9/11/2020,9/11/2020,9/25/2020,#N/A,0,0,#DIV/0!,#DIV/0!,0,0,#DIV/0!
Donald Trump,Somerset_Pennsylvania,20200911,Somerset_Pennsylvania_20200911,9/11/2020,8/28/2020,9/11/2020,9/11/2020,9/25/2020,41.4%,2451,3019,23.17%,-43.98%,42,45,7.14%
Donald Trump,Somerset_Pennsylvania,20200911,Somerset_Pennsylvania_20200911,9/11/2020,8/28/2020,9/11/2020,9/11/2020,9/25/2020,41.4%,2451,3019,23.17%,-43.98%,42,45,7.14%
Kamala Harris,Fairfax_Virginia,20200911,Fairfax_Virginia_20200911,9/11/2020,8/28/2020,9/11/2020,9/11/2020,9/25/2020,-10.2%,262036,300304,14.60%,-242.54%,7844,8635,10.08%
Donald Trump,Douglas_Nevada,20200912,Douglas_Nevada_20200912,9/12/2020,8/29/2020,9/12/2020,9/12/2020,9/26/2020,2.3%,3597,4295,19.41%,747.73%,14,15,7.14%
Donald Trump,Clark_Nevada,20200913,Clark_Nevada_20200913,9/13/2020,8/30/2020,9/13/2020,9/13/2020,9/27/2020,-6.2%,851851,963114,13.06%,-309.49%,16705,19905,19.16%
Donald Trump,Clark_Nevada,20200913,Clark_Nevada_20200913,9/13/2020,8/30/2020,9/13/2020,9/13/2020,9/27/2020,-6.2%,851851,963114,13.06%,-309.49%,16705,19905,19.16%
Donald Trump,Maricopa_Arizona,20200914,Maricopa_Arizona_20200914,9/14/2020,8/31/2020,9/14/2020,9/14/2020,9/28/2020,-13.3%,1901127,2097683,10.34%,-177.76%,43092,49104,13.95%
Donald Trump,Sacramento_California,20200914,Sacramento_California_20200914,9/14/2020,8/31/2020,9/14/2020,9/14/2020,9/28/2020,-6.8%,268234,322624,20.28%,-398.97%,4592,5781,25.89%
Mike Pence,Gallatin_Minnesota,20200914,Gallatin_Minnesota_20200914,9/14/2020,8/31/2020,9/14/2020,9/14/2020,9/28/2020,#N/A,0,0,#DIV/0!,#DIV/0!,0,0,#DIV/0!
Mike Pence,Rock_Wisconsin,20200914,Rock_Wisconsin_20200914,9/14/2020,8/31/2020,9/14/2020,9/14/2020,9/28/2020,39.1%,28014,37042,32.23%,-17.49%,388,477,22.94%
Kamala Harris,Fresno_California,20200915,Fresno_California_20200915,9/15/2020,9/1/2020,9/15/2020,9/15/2020,9/29/2020,-13.0%,369334,417814,13.13%,-201.12%,4444,5468,23.04%
Joe Biden,Hillsborough_Florida,20200915,Hillsborough_Florida_20200915,9/15/2020,9/1/2020,9/15/2020,9/15/2020,9/29/2020,-10.6%,540006,615014,13.89%,-231.52%,7956,9188,15.49%
Joe Biden,Osceola_Florida,20200915,Osceola_Florida_20200915,9/15/2020,9/1/2020,9/15/2020,9/15/2020,9/29/2020,-10.6%,161628,182819,13.11%,-223.29%,1869,2109,12.84%
Kamala Harris,Clark_Nevada,20200915,Clark_Nevada_20200915,9/15/2020,9/1/2020,9/15/2020,9/15/2020,9/29/2020,-6.2%,858740,971171,13.09%,-310.00%,16975,20147,18.69%
Mike Pence,Muskingum_Ohio,20200916,Muskingum_Ohio_20200916,9/16/2020,9/2/2020,9/16/2020,9/16/2020,9/30/2020,59.6%,4597,5968,29.82%,-49.94%,28,35,25.00%
Joe Biden,Lackawanna_Pennsylvania,20200917,Lackawanna_Pennsylvania_20200917,9/17/2020,9/3/2020,9/17/2020,9/17/2020,10/1/2020,6.3%,31364,36971,17.88%,183.54%,2999,3245,8.20%
Kamala Harris,Philadelphia_Pennsylvania,20200917,Philadelphia_Pennsylvania_20200917,9/17/2020,9/3/2020,9/17/2020,9/17/2020,10/1/2020,-7.3%,487932,542787,11.24%,-253.28%,24934,27234,9.22%
Donald Trump,Marathon_Wisconsin,20200917,Marathon_Wisconsin_20200917,9/17/2020,9/3/2020,9/17/2020,9/17/2020,10/1/2020,121.8%,12839,19985,55.66%,-54.29%,196,212,8.16%
Mike Pence,Maricopa_Arizona,20200918,Maricopa_Arizona_20200918,9/18/2020,9/4/2020,9/18/2020,9/18/2020,10/2/2020,-13.3%,1916601,2113469,10.27%,-177.26%,43865,49957,13.89%
Mike Pence,Maricopa_Arizona,20200918,Maricopa_Arizona_20200918,9/18/2020,9/4/2020,9/18/2020,9/18/2020,10/2/2020,-13.3%,1916601,2113469,10.27%,-177.26%,43865,49957,13.89%
Donald Trump,Bemidji_Minnesota,20200918,Bemidji_Minnesota_20200918,9/18/2020,9/4/2020,9/18/2020,9/18/2020,10/2/2020,#N/A,0,0,#DIV/0!,#DIV/0!,0,0,#DIV/0!
Joe Biden,St Louis_Minnesota,20200918,St Louis_Minnesota_20200918,9/18/2020,9/4/2020,9/18/2020,9/18/2020,10/2/2020,#N/A,0,0,#DIV/0!,#DIV/0!,0,0,#DIV/0!
Donald Trump,Cumberland_North Carolina,20200919,Cumberland_North Carolina_20200919,9/19/2020,9/5/2020,9/19/2020,9/19/2020,10/3/2020,1.6%,65113,81051,24.48%,1455.46%,1016,1148,12.99%
Joe Biden,Philadelphia_Pennsylvania,20200920,Philadelphia_Pennsylvania_20200920,9/20/2020,9/6/2020,9/20/2020,9/20/2020,10/4/2020,-7.3%,491426,548598,11.63%,-258.62%,25025,27337,9.24%
Donald Trump,Fulton_Ohio,20200921,Fulton_Ohio_20200921,9/21/2020,9/7/2020,9/21/2020,9/21/2020,10/5/2020,55.6%,3021,4212,39.42%,-29.15%,14,15,7.14%
Donald Trump,Montgomery_Ohio,20200921,Montgomery_Ohio_20200921,9/21/2020,9/7/2020,9/21/2020,9/21/2020,10/5/2020,10.6%,99289,119263,20.12%,89.81%,2017,2487,23.30%
Joe Biden,Manitowoc_Wisconsin,20200921,Manitowoc_Wisconsin_20200921,9/21/2020,9/7/2020,9/21/2020,9/21/2020,10/5/2020,90.5%,10495,18375,75.08%,-17.03%,28,54,92.86%
Kamala Harris,Genesee_Maine,20200922,Genesee_Maine_20200922,9/22/2020,9/8/2020,9/22/2020,9/22/2020,10/6/2020,#N/A,0,0,#DIV/0!,#DIV/0!,0,0,#DIV/0!
Kamala Harris,Wayne_Michigan,20200922,Wayne_Michigan_20200922,9/22/2020,9/8/2020,9/22/2020,9/22/2020,10/6/2020,-7.4%,469216,530283,13.01%,-275.06%,41223,44773,8.61%
Mike Pence,Belknap_New Hampshire,20200922,Belknap_New Hampshire_20200922,9/22/2020,9/8/2020,9/22/2020,9/22/2020,10/6/2020,17.9%,1884,2256,19.75%,10.29%,56,60,7.14%
Donald Trump,Allegheny_Pennsylvania,20200922,Allegheny_Pennsylvania_20200922,9/22/2020,9/8/2020,9/22/2020,9/22/2020,10/6/2020,-1.5%,158376,184630,16.58%,-1242.72%,5093,5723,12.37%
Joe Biden,Mecklenburg_North Carolina,20200923,Mecklenburg_North Carolina_20200923,9/23/2020,9/9/2020,9/23/2020,9/23/2020,10/7/2020,-8.6%,382621,434950,13.68%,-258.58%,4771,5382,12.81%
Donald Trump,Duval_Florida,20200924,Duval_Florida_20200924,9/24/2020,9/10/2020,9/24/2020,9/24/2020,10/8/2020,-10.1%,404322,459847,13.73%,-236.22%,4713,6127,30.00%
Mike Pence,Hennepin_Minnesota,20200924,Hennepin_Minnesota_20200924,9/24/2020,9/10/2020,9/24/2020,9/24/2020,10/8/2020,2.7%,353909,419562,18.55%,576.42%,12776,14059,10.04%
Donald Trump,Mecklenburg_North Carolina,20200924,Mecklenburg_North Carolina_20200924,9/24/2020,9/10/2020,9/24/2020,9/24/2020,10/8/2020,-8.6%,384020,436848,13.76%,-259.51%,4789,5397,12.70%
Mike Pence,Eau Claire_Wisconsin,20200924,Eau Claire_Wisconsin_20200924,9/24/2020,9/10/2020,9/24/2020,9/24/2020,10/8/2020,53.7%,19681,30582,55.39%,3.20%,84,100,19.05%
Donald Trump,Miami-Dade_Florida,20200925,Miami-Dade_Florida_20200925,9/25/2020,9/11/2020,9/25/2020,9/25/2020,10/9/2020,-14.2%,2321163,2569996,10.72%,-175.28%,41914,49524,18.16%
Donald Trump,Fulton_Georgia,20200925,Fulton_Georgia_20200925,9/25/2020,9/11/2020,9/25/2020,9/25/2020,10/9/2020,-7.9%,373575,427925,14.55%,-283.28%,7845,8670,10.52%
Donald Trump,Warwick_Virginia,20200925,Warwick_Virginia_20200925,9/25/2020,9/11/2020,9/25/2020,9/25/2020,10/9/2020,#N/A,0,0,#DIV/0!,#DIV/0!,0,0,#DIV/0!
Donald Trump,Dauphin_Pennsylvania,20200926,Dauphin_Pennsylvania_20200926,9/26/2020,9/12/2020,9/26/2020,9/26/2020,10/10/2020,-2.5%,51274,58929,14.93%,-695.50%,2424,2728,12.54%
Kamala Harris,Wake_North Carolina,20200928,Wake_North Carolina_20200928,9/28/2020,9/14/2020,9/28/2020,9/28/2020,10/12/2020,-5.9%,239809,278944,16.32%,-378.31%,3247,3862,18.94%
Donald Trump,Cuyahoga_Ohio,20200929,Cuyahoga_Ohio_20200929,9/29/2020,9/15/2020,9/29/2020,9/29/2020,10/13/2020,-4.7%,240452,271085,12.74%,-371.98%,9054,9961,10.02%
Donald Trump,Cuyahoga_Ohio,20200929,Cuyahoga_Ohio_20200929,9/29/2020,9/15/2020,9/29/2020,9/29/2020,10/13/2020,-4.7%,240452,271085,12.74%,-371.98%,9054,9961,10.02%
Mike Pence,Lancaster_Pennsylvania,20200929,Lancaster_Pennsylvania_20200929,9/29/2020,9/15/2020,9/29/2020,9/29/2020,10/13/2020,-3.8%,106655,124332,16.57%,-538.73%,6364,6907,8.53%
Mike Pence,Fulton_Georgia,20200930,Fulton_Georgia_20200930,9/30/2020,9/16/2020,9/30/2020,9/30/2020,10/14/2020,-7.9%,380224,445195,17.09%,-315.26%,7943,8765,10.35%
Donald Trump,St Louis_Minnesota,20200930,St Louis_Minnesota_20200930,9/30/2020,9/16/2020,9/30/2020,9/30/2020,10/14/2020,#N/A,0,0,#DIV/0!,#DIV/0!,0,0,#DIV/0!
Joe Biden,Cuyahoga_Ohio,20200930,Cuyahoga_Ohio_20200930,9/30/2020,9/16/2020,9/30/2020,9/30/2020,10/14/2020,-4.7%,241266,272193,12.82%,-373.66%,9080,9974,9.85%
Joe Biden,Stark_Ohio,20200930,Stark_Ohio_20200930,9/30/2020,9/16/2020,9/30/2020,9/30/2020,10/14/2020,12.6%,39073,47909,22.61%,79.28%,2391,2665,11.46%
Joe Biden,Allegheny_Pennsylvania,20200930,Allegheny_Pennsylvania_20200930,9/30/2020,9/16/2020,9/30/2020,9/30/2020,10/14/2020,-1.5%,166110,194035,16.81%,-1258.86%,5243,5866,11.88%
Joe Biden,Cambria_Pennsylvania,20200930,Cambria_Pennsylvania_20200930,9/30/2020,9/16/2020,9/30/2020,9/30/2020,10/14/2020,38.2%,7754,10405,34.19%,-10.44%,98,105,7.14%
Joe Biden,Westmoreland_Pennsylvania,20200930,Westmoreland_Pennsylvania_20200930,9/30/2020,9/16/2020,9/30/2020,9/30/2020,10/14/2020,28.6%,29753,39012,31.12%,8.89%,727,885,21.73%
Joe Biden,Westmoreland_Pennsylvania,20200930,Westmoreland_Pennsylvania_20200930,9/30/2020,9/16/2020,9/30/2020,9/30/2020,10/14/2020,28.6%,29753,39012,31.12%,8.89%,727,885,21.73%
Joe Biden,Westmoreland_Pennsylvania,20200930,Westmoreland_Pennsylvania_20200930,9/30/2020,9/16/2020,9/30/2020,9/30/2020,10/14/2020,28.6%,29753,39012,31.12%,8.89%,727,885,21.73%
MIke Pence,Gilmer_Iowa,20201001,Gilmer_Iowa_20201001,10/1/2020,9/17/2020,10/1/2020,10/1/2020,10/15/2020,#N/A,0,0,#DIV/0!,#DIV/0!,0,0,#DIV/0!
Mike Pence,Polk_Iowa,20201001,Polk_Iowa_20201001,10/1/2020,9/17/2020,10/1/2020,10/1/2020,10/15/2020,-0.6%,218719,253159,15.75%,-2790.96%,3640,4103,12.72%
Joe Biden,Kent_Michigan,20201002,Kent_Michigan_20201002,10/2/2020,9/18/2020,10/2/2020,10/2/2020,10/16/2020,14.6%,136253,167549,22.97%,56.82%,2442,2610,6.88%
Kamala Harris,Clark_Nevada,20201002,Clark_Nevada_20201002,10/2/2020,9/18/2020,10/2/2020,10/2/2020,10/16/2020,-6.2%,916516,1061972,15.87%,-354.55%,19038,21478,12.82%
Kamala Harris,Salt Lake_Utah,20201003,Salt Lake_Utah_20201003,10/3/2020,9/19/2020,10/3/2020,10/3/2020,10/17/2020,15.4%,421274,547417,29.94%,94.39%,3510,4119,17.35%
Joe Biden,Miami-Dade_Florida,20201005,Miami-Dade_Florida_20201005,10/5/2020,9/21/2020,10/5/2020,10/5/2020,10/19/2020,-14.2%,2374457,2632201,10.85%,-176.23%,45107,51735,14.69%
Joe Biden,Adams_Pennsylvania,20201006,Adams_Pennsylvania_20201006,10/6/2020,9/22/2020,10/6/2020,10/6/2020,10/20/2020,5.2%,11774,14280,21.28%,310.07%,362,397,9.67%
Kamala Harris,Salt Lake_Utah,20201007,Salt Lake_Utah_20201007,10/7/2020,9/23/2020,10/7/2020,10/7/2020,10/21/2020,15.4%,443138,578271,30.49%,97.97%,3566,4242,18.96%
Kamala Harris,Salt Lake_Utah,20201007,Salt Lake_Utah_20201007,10/7/2020,9/23/2020,10/7/2020,10/7/2020,10/21/2020,15.4%,443138,578271,30.49%,97.97%,3566,4242,18.96%
Mike Pence,Maricopa_Arizona,20201008,Maricopa_Arizona_20201008,10/8/2020,9/24/2020,10/8/2020,10/8/2020,10/22/2020,-13.3%,1991156,2223900,11.69%,-187.92%,47508,52362,10.22%
Mike Pence,Maricopa_Arizona,20201008,Maricopa_Arizona_20201008,10/8/2020,9/24/2020,10/8/2020,10/8/2020,10/22/2020,-13.3%,1991156,2223900,11.69%,-187.92%,47508,52362,10.22%
Mike Pence,Maricopa_Arizona,20201008,Maricopa_Arizona_20201008,10/8/2020,9/24/2020,10/8/2020,10/8/2020,10/22/2020,-13.3%,1991156,2223900,11.69%,-187.92%,47508,52362,10.22%
Mike Pence,Clark_Nevada,20201008,Clark_Nevada_20201008,10/8/2020,9/24/2020,10/8/2020,10/8/2020,10/22/2020,-6.2%,945266,1101782,16.56%,-365.58%,19494,21882,12.25%
Joe Biden,Clark_Nevada,20201009,Clark_Nevada_20201009,10/9/2020,9/25/2020,10/9/2020,10/9/2020,10/23/2020,-6.2%,950212,1109087,16.72%,-368.18%,19565,21939,12.13%
Mike Pence,Orange_Florida,20201010,Orange_Florida_20201010,10/10/2020,9/26/2020,10/10/2020,10/10/2020,10/24/2020,-10.5%,570377,649318,13.84%,-232.14%,6586,7890,19.80%
Mike Pence,Sumter_Florida,20201010,Sumter_Florida_20201010,10/10/2020,9/26/2020,10/10/2020,10/10/2020,10/24/2020,-2.8%,33567,41004,22.16%,-883.60%,996,1195,19.98%
Joe Biden,Erie_Pennsylvania,20201010,Erie_Pennsylvania_20201010,10/10/2020,9/26/2020,10/10/2020,10/10/2020,10/24/2020,7.2%,22651,27918,23.25%,221.81%,672,720,7.14%
Donald Trump,Seminole_Florida,20201012,Seminole_Florida_20201012,10/12/2020,9/28/2020,10/12/2020,10/12/2020,10/26/2020,-11.0%,129206,146359,13.28%,-221.20%,3136,3517,12.15%
Mike Pence,Franklin_Ohio,20201012,Franklin_Ohio_20201012,10/12/2020,9/28/2020,10/12/2020,10/12/2020,10/26/2020,-2.0%,393708,462434,17.46%,-970.17%,8776,9560,8.93%
Joe Biden,Hamilton_Ohio,20201012,Hamilton_Ohio_20201012,10/12/2020,9/28/2020,10/12/2020,10/12/2020,10/26/2020,3.9%,194287,241755,24.43%,518.63%,4606,5100,10.73%
Joe Biden,Lucas_Ohio,20201012,Lucas_Ohio_20201012,10/12/2020,9/28/2020,10/12/2020,10/12/2020,10/26/2020,-4.6%,105680,122156,15.59%,-440.64%,5147,5574,8.30%
Joe Biden,Broward_Florida,20201013,Broward_Florida_20201013,10/13/2020,9/29/2020,10/13/2020,10/13/2020,10/27/2020,-13.1%,1094594,1226358,12.04%,-191.56%,20016,22643,13.12%
Joe Biden,Broward_Florida,20201013,Broward_Florida_20201013,10/13/2020,9/29/2020,10/13/2020,10/13/2020,10/27/2020,-13.1%,1094594,1226358,12.04%,-191.56%,20016,22643,13.12%
Donald Trump,Cambria_Pennsylvania,20201013,Cambria_Pennsylvania_20201013,10/13/2020,9/29/2020,10/13/2020,10/13/2020,10/27/2020,38.2%,9432,13745,45.73%,19.78%,98,105,7.14%
Mike Pence,Waukesha_Wisconsin,20201013,Waukesha_Wisconsin_20201013,10/13/2020,9/29/2020,10/13/2020,10/13/2020,10/27/2020,25.6%,126798,173713,37.00%,44.28%,1317,1622,23.16%
Donald Trump,Polk_Iowa,20201014,Polk_Iowa_20201014,10/14/2020,9/30/2020,10/14/2020,10/14/2020,10/28/2020,-0.6%,234308,275384,17.53%,-3095.93%,3808,4263,11.95%
Mike Pence,Kent_Michigan,20201014,Kent_Michigan_20201014,10/14/2020,9/30/2020,10/14/2020,10/14/2020,10/28/2020,14.6%,151967,196382,29.23%,99.54%,2436,2702,10.92%
Mike Pence,Miami-Dade_Florida,20201015,Miami-Dade_Florida_20201015,10/15/2020,10/1/2020,10/15/2020,10/15/2020,10/29/2020,-14.2%,2429435,2707563,11.45%,-180.39%,47352,53675,13.35%
Mike Pence,Miami-Dade_Florida,20201015,Miami-Dade_Florida_20201015,10/15/2020,10/1/2020,10/15/2020,10/15/2020,10/29/2020,-14.2%,2429435,2707563,11.45%,-180.39%,47352,53675,13.35%
Donald Trump,Pitt_North Carolina,20201015,Pitt_North Carolina_20201015,10/15/2020,10/1/2020,10/15/2020,10/15/2020,10/29/2020,-0.6%,74132,89227,20.36%,-3680.68%,458,551,20.31%
Joe Biden,Philadelphia_Pennsylvania,20201015,Philadelphia_Pennsylvania_20201015,10/15/2020,10/1/2020,10/15/2020,10/15/2020,10/29/2020,-7.3%,536708,625351,16.52%,-325.18%,25840,28083,8.68%
Donald Trump,Lee_Florida,20201016,Lee_Florida_20201016,10/16/2020,10/2/2020,10/16/2020,10/16/2020,10/30/2020,-11.2%,295451,338064,14.42%,-229.32%,6710,7536,12.31%
Donald Trump,Marion_Florida,20201016,Marion_Florida_20201016,10/16/2020,10/2/2020,10/16/2020,10/16/2020,10/30/2020,-11.8%,141079,159266,12.89%,-208.96%,4407,5121,16.20%
Donald Trump,Macon-Bidd_Georgia,20201016,Macon-Bidd_Georgia_20201016,10/16/2020,10/2/2020,10/16/2020,10/16/2020,10/30/2020,#N/A,0,0,#DIV/0!,#DIV/0!,0,0,#DIV/0!
Joe Biden,Oakland_Michigan,20201016,Oakland_Michigan_20201016,10/16/2020,10/2/2020,10/16/2020,10/16/2020,10/30/2020,-1.9%,303455,362485,19.45%,-1145.20%,17006,18478,8.66%
Joe Biden,Wayne_Michigan,20201016,Wayne_Michigan_20201016,10/16/2020,10/2/2020,10/16/2020,10/16/2020,10/30/2020,-7.4%,512828,592352,15.51%,-308.58%,42072,45593,8.37%
Mike Pence,Johnston_North Carolina,20201016,Johnston_North Carolina_20201016,10/16/2020,10/2/2020,10/16/2020,10/16/2020,10/30/2020,-3.5%,68097,82119,20.59%,-692.02%,810,961,18.64%
Donald Trump,Muskegon_Michigan,20201017,Muskegon_Michigan_20201017,10/17/2020,10/3/2020,10/17/2020,10/17/2020,10/31/2020,11.7%,37292,45930,23.16%,97.81%,1066,1253,17.54%
Mike Pence,Berks_Pennsylvania,20201017,Berks_Pennsylvania_20201017,10/17/2020,10/3/2020,10/17/2020,10/17/2020,10/31/2020,-0.9%,107436,132842,23.65%,-2880.09%,5664,6279,10.86%
Donald Trump,Rock_Wisconsin,20201017,Rock_Wisconsin_20201017,10/17/2020,10/3/2020,10/17/2020,10/17/2020,10/31/2020,39.1%,47613,73251,53.85%,37.86%,490,642,31.02%
Donald Trump,Clark_Nevada,20201018,Clark_Nevada_20201018,10/18/2020,10/4/2020,10/18/2020,10/18/2020,11/1/2020,-6.2%,999774,1180726,18.10%,-390.30%,20137,22419,11.33%
Donald Trump,Ormsby_Nevada,20201018,Ormsby_Nevada_20201018,10/18/2020,10/4/2020,10/18/2020,10/18/2020,11/1/2020,#N/A,0,0,#DIV/0!,#DIV/0!,0,0,#DIV/0!
Joe Biden,Durham_North Carolina,20201018,Durham_North Carolina_20201018,10/18/2020,10/4/2020,10/18/2020,10/18/2020,11/1/2020,-8.8%,115414,133729,15.87%,-281.25%,1372,1517,10.57%
Donald Trump,Pima_Arizona,20201019,Pima_Arizona_20201019,10/19/2020,10/5/2020,10/19/2020,10/19/2020,11/2/2020,-9.3%,370256,416447,12.48%,-234.74%,8840,9555,8.09%
Donald Trump,Yavapai_Arizona,20201019,Yavapai_Arizona_20201019,10/19/2020,10/5/2020,10/19/2020,10/19/2020,11/2/2020,-7.9%,37897,43826,15.65%,-298.18%,1193,1330,11.48%
Kamala Harris,Duval_Florida,20201019,Duval_Florida_20201019,10/19/2020,10/5/2020,10/19/2020,10/19/2020,11/2/2020,-10.1%,447677,515835,15.22%,-251.02%,6714,7730,15.13%
Kamala Harris,Orange_Florida,20201019,Orange_Florida_20201019,10/19/2020,10/5/2020,10/19/2020,10/19/2020,11/2/2020,-10.5%,590757,679663,15.05%,-243.69%,7135,8185,14.72%
Mike Pence,Penobscot_Maine,20201019,Penobscot_Maine_20201019,10/19/2020,10/5/2020,10/19/2020,10/19/2020,11/2/2020,-3.3%,3761,4429,17.76%,-641.37%,84,90,7.14%
Donald Trump,Erie_Pennsylvania,20201020,Erie_Pennsylvania_20201020,10/20/2020,10/6/2020,10/20/2020,10/20/2020,11/3/2020,7.2%,25042,31275,24.89%,244.47%,672,720,7.14%
Mike Pence,Rockingham_New Hampshire,20201021,Rockingham_New Hampshire_20201021,10/21/2020,10/7/2020,10/21/2020,10/21/2020,11/4/2020,-0.3%,31915,39437,23.57%,-7686.18%,1462,1575,7.73%
Kamala Harris,Buncombe_North Carolina,20201021,Buncombe_North Carolina_20201021,10/21/2020,10/7/2020,10/21/2020,10/21/2020,11/4/2020,2.1%,50751,61819,21.81%,954.35%,1436,1709,19.01%
Kamala Harris,Mecklenburg_North Carolina,20201021,Mecklenburg_North Carolina_20201021,10/21/2020,10/7/2020,10/21/2020,10/21/2020,11/4/2020,-8.6%,431850,506553,17.30%,-300.58%,5200,5840,12.31%
Mike Pence,Hamilton_Ohio,20201021,Hamilton_Ohio_20201021,10/21/2020,10/7/2020,10/21/2020,10/21/2020,11/4/2020,3.9%,211404,270842,28.12%,611.90%,4709,5196,10.34%
Donald Trump,Gastonia_Pennsylvania,20201021,Gastonia_Pennsylvania_20201021,10/21/2020,10/7/2020,10/21/2020,10/21/2020,11/4/2020,#N/A,0,0,#DIV/0!,#DIV/0!,0,0,#DIV/0!
Mke Pence,Allen_Indiana,20201022,Allen_Indiana_20201022,10/22/2020,10/8/2020,10/22/2020,10/22/2020,11/5/2020,11.7%,104166,138023,32.50%,178.88%,3168,3688,16.41%
Mike Pence,Oakland_Michigan,20201022,Oakland_Michigan_20201022,10/22/2020,10/8/2020,10/22/2020,10/22/2020,11/5/2020,-1.9%,314608,389565,23.83%,-1380.16%,17113,18581,8.58%
Joe Biden,Davidson_Tennessee,20201022,Davidson_Tennessee_20201022,10/22/2020,10/8/2020,10/22/2020,10/22/2020,11/5/2020,-8.1%,434024,514662,18.58%,-329.85%,4525,5190,14.70%
Joe Biden,Davidson_Tennessee,20201022,Davidson_Tennessee_20201022,10/22/2020,10/8/2020,10/22/2020,10/22/2020,11/5/2020,-8.1%,434024,514662,18.58%,-329.85%,4525,5190,14.70%
Donald Trump,Escambia_Florida,20201023,Escambia_Florida_20201023,10/23/2020,10/9/2020,10/23/2020,10/23/2020,11/6/2020,-13.1%,179876,203987,13.40%,-202.33%,3709,4063,9.54%
Donald Trump,Sumter_Florida,20201023,Sumter_Florida_20201023,10/23/2020,10/9/2020,10/23/2020,10/23/2020,11/6/2020,-2.8%,37946,43889,15.66%,-653.92%,1104,1285,16.39%
Kamala Harris,Fulton_Georgia,20201023,Fulton_Georgia_20201023,10/23/2020,10/9/2020,10/23/2020,10/23/2020,11/6/2020,-7.9%,439489,503558,14.58%,-283.65%,8405,9450,12.43%
Mike Pence,Marion_Indiana,20201023,Marion_Indiana_20201023,10/23/2020,10/9/2020,10/23/2020,10/23/2020,11/6/2020,-2.5%,337854,410781,21.59%,-978.07%,11621,12735,9.59%
Mike Pence,Fulton_Ohio,20201023,Fulton_Ohio_20201023,10/23/2020,10/9/2020,10/23/2020,10/23/2020,11/6/2020,55.6%,6334,9485,49.75%,-10.60%,71,239,236.62%
MIke Pence,Allegheny_Pennsylvania,20201023,Allegheny_Pennsylvania_20201023,10/23/2020,10/9/2020,10/23/2020,10/23/2020,11/6/2020,-1.5%,192799,234747,21.76%,-1599.82%,5636,6464,14.69%
Mike Pence,Leon_Florida,20201024,Leon_Florida_20201024,10/24/2020,10/10/2020,10/24/2020,10/24/2020,11/7/2020,-3.1%,161644,186015,15.08%,-583.21%,1353,1743,28.82%
Donald Trump,Palm Beach_Florida,20201024,Palm Beach_Florida_20201024,10/24/2020,10/10/2020,10/24/2020,10/24/2020,11/7/2020,-11.9%,682636,787753,15.40%,-229.70%,20840,23778,14.10%
Mike Pence,Polk_Florida,20201024,Polk_Florida_20201024,10/24/2020,10/10/2020,10/24/2020,10/24/2020,11/7/2020,-9.3%,302826,347938,14.90%,-259.68%,8074,9356,15.88%
Donald Trump,Robson_North Carolina,20201024,Robson_North Carolina_20201024,10/24/2020,10/10/2020,10/24/2020,10/24/2020,11/7/2020,#N/A,0,0,#DIV/0!,#DIV/0!,0,0,#DIV/0!
Kamala Harris,Cuyahoga_Ohio,20201024,Cuyahoga_Ohio_20201024,10/24/2020,10/10/2020,10/24/2020,10/24/2020,11/7/2020,-4.7%,266747,324737,21.74%,-564.12%,9419,10345,9.83%
Donald Trump,Pickaway_Ohio,20201024,Pickaway_Ohio_20201024,10/24/2020,10/10/2020,10/24/2020,10/24/2020,11/7/2020,-9.3%,40760,48230,18.33%,-298.07%,644,690,7.14%
Joe Biden,Bucks_Pennsylvania,20201024,Bucks_Pennsylvania_20201024,10/24/2020,10/10/2020,10/24/2020,10/24/2020,11/7/2020,-7.3%,133585,157008,17.53%,-341.46%,8711,9395,7.85%
Joe Biden,Luzerne_Pennsylvania,20201024,Luzerne_Pennsylvania_20201024,10/24/2020,10/10/2020,10/24/2020,10/24/2020,11/7/2020,-2.0%,64915,83095,28.01%,-1494.55%,2665,3057,14.71%
Donald Trump,Waukesha_Wisconsin,20201024,Waukesha_Wisconsin_20201024,10/24/2020,10/10/2020,10/24/2020,10/24/2020,11/7/2020,25.6%,151676,215633,42.17%,64.43%,1449,1921,32.57%
Donald Trump,Penobscot_Maine,20201025,Penobscot_Maine_20201025,10/25/2020,10/11/2020,10/25/2020,10/25/2020,11/8/2020,-3.3%,3853,4819,25.07%,-864.18%,84,90,7.14%
Kamala Harris,Oakland_Michigan,20201025,Oakland_Michigan_20201025,10/25/2020,10/11/2020,10/25/2020,10/25/2020,11/8/2020,-1.9%,321603,406222,26.31%,-1513.74%,17165,18639,8.59%
Kamala Harris,Oakland_Michigan,20201025,Oakland_Michigan_20201025,10/25/2020,10/11/2020,10/25/2020,10/25/2020,11/8/2020,-1.9%,321603,406222,26.31%,-1513.74%,17165,18639,8.59%
Kamala Harris,Wayne_Michigan,20201025,Wayne_Michigan_20201025,10/25/2020,10/11/2020,10/25/2020,10/25/2020,11/8/2020,-7.4%,534609,639353,19.59%,-363.54%,42335,45970,8.59%
Donald Trump,Rockingham_New Hampshire,20201025,Rockingham_New Hampshire_20201025,10/25/2020,10/11/2020,10/25/2020,10/25/2020,11/8/2020,-0.3%,33059,41557,25.71%,-8373.93%,1466,1575,7.44%
Mike Pence,Lenoir_North Carolina,20201025,Lenoir_North Carolina_20201025,10/25/2020,10/11/2020,10/25/2020,10/25/2020,11/8/2020,6.9%,17553,22894,30.43%,341.56%,500,616,23.20%
Mike Pence,St Louis_Minnesota,20201026,St Louis_Minnesota_20201026,10/26/2020,10/12/2020,10/26/2020,10/26/2020,11/9/2020,#N/A,0,0,#DIV/0!,#DIV/0!,0,0,#DIV/0!
Donald Trump,Blair_Pennsylvania,20201026,Blair_Pennsylvania_20201026,10/26/2020,10/12/2020,10/26/2020,10/26/2020,11/9/2020,47.2%,14399,22977,59.57%,26.16%,343,478,39.36%
Joe Biden,Chester_Pennsylvania,20201026,Chester_Pennsylvania_20201026,10/26/2020,10/12/2020,10/26/2020,10/26/2020,11/9/2020,-5.7%,107030,126002,17.73%,-411.17%,5254,5713,8.74%
Donald Trump,Lancaster_Pennsylvania,20201026,Lancaster_Pennsylvania_20201026,10/26/2020,10/12/2020,10/26/2020,10/26/2020,11/9/2020,-3.8%,125403,151612,20.90%,-653.24%,6559,7221,10.09%
Donald Trump,Lehigh_Pennsylvania,20201026,Lehigh_Pennsylvania_20201026,10/26/2020,10/12/2020,10/26/2020,10/26/2020,11/9/2020,-6.9%,86255,104813,21.52%,-411.03%,5069,5516,8.82%
Joe Biden,Fulton_Georgia,20201027,Fulton_Georgia_20201027,10/27/2020,10/13/2020,10/27/2020,10/27/2020,11/10/2020,-7.9%,447206,513652,14.86%,-287.18%,8513,9641,13.25%
Joe Biden,Meriwether_Georgia,20201027,Meriwether_Georgia_20201027,10/27/2020,10/13/2020,10/27/2020,10/27/2020,11/10/2020,-4.8%,9406,10652,13.25%,-378.54%,216,252,16.67%
Donald Trump,Ingham_Michigan,20201027,Ingham_Michigan_20201027,10/27/2020,10/13/2020,10/27/2020,10/27/2020,11/10/2020,17.0%,60650,77202,27.29%,60.99%,838,1052,25.54%
Kamala Harris,Clark_Nevada,20201027,Clark_Nevada_20201027,10/27/2020,10/13/2020,10/27/2020,10/27/2020,11/10/2020,-6.2%,1059650,1268495,19.71%,-416.12%,20660,23069,11.66%
Kamala Harris,Washoe_Nevada,20201027,Washoe_Nevada_20201027,10/27/2020,10/13/2020,10/27/2020,10/27/2020,11/10/2020,9.6%,163630,216744,32.46%,239.30%,2611,3030,16.05%
Mike Pence,Guliford_North Carolina,20201027,Guliford_North Carolina_20201027,10/27/2020,10/13/2020,10/27/2020,10/27/2020,11/10/2020,#N/A,0,0,#DIV/0!,#DIV/0!,0,0,#DIV/0!
Donald Trump,Douglas_North Carolina,20201027,Douglas_North Carolina_20201027,10/27/2020,10/13/2020,10/27/2020,10/27/2020,11/10/2020,#N/A,0,0,#DIV/0!,#DIV/0!,0,0,#DIV/0!
Mike Pence,Greenville_South Carolina,20201027,Greenville_South Carolina_20201027,10/27/2020,10/13/2020,10/27/2020,10/27/2020,11/10/2020,-4.4%,231466,277084,19.71%,-545.53%,4674,5363,14.74%
Donald Trump,LaCrosse_Wisconsin,20201027,LaCrosse_Wisconsin_20201027,10/27/2020,10/13/2020,10/27/2020,10/27/2020,11/10/2020,#N/A,0,0,#DIV/0!,#DIV/0!,0,0,#DIV/0!
Donald Trump,Maricopa_Arizona,20201028,Maricopa_Arizona_20201028,10/28/2020,10/14/2020,10/28/2020,10/28/2020,11/11/2020,-13.3%,2118577,2439456,15.15%,-213.92%,49298,54772,11.10%
Donald Trump,Maricopa_Arizona,20201028,Maricopa_Arizona_20201028,10/28/2020,10/14/2020,10/28/2020,10/28/2020,11/11/2020,-13.3%,2118577,2439456,15.15%,-213.92%,49298,54772,11.10%
Donald Trump,Mohave_Arizona,20201028,Mohave_Arizona_20201028,10/28/2020,10/14/2020,10/28/2020,10/28/2020,11/11/2020,-12.3%,58993,68685,16.43%,-233.68%,3211,3543,10.34%
Kamala Harris,Pima_Arizona,20201028,Pima_Arizona_20201028,10/28/2020,10/14/2020,10/28/2020,10/28/2020,11/11/2020,-9.3%,379668,441508,16.29%,-275.92%,8883,9740,9.65%
MIke Pence,Genesee_Maine,20201028,Genesee_Maine_20201028,10/28/2020,10/14/2020,10/28/2020,10/28/2020,11/11/2020,#N/A,0,0,#DIV/0!,#DIV/0!,0,0,#DIV/0!
Mike Pence,Marathon_Wisconsin,20201028,Marathon_Wisconsin_20201028,10/28/2020,10/14/2020,10/28/2020,10/28/2020,11/11/2020,121.8%,55035,96171,74.75%,-38.61%,573,1103,92.50%
Joe Biden,Broward_Florida,20201029,Broward_Florida_20201029,10/29/2020,10/15/2020,10/29/2020,10/29/2020,11/12/2020,-13.1%,1151854,1336586,16.04%,-221.98%,21198,23123,9.08%
Donald Trump,Hillsborough_Florida,20201029,Hillsborough_Florida_20201029,10/29/2020,10/15/2020,10/29/2020,10/29/2020,11/12/2020,-10.6%,646386,747446,15.63%,-248.04%,10560,12457,17.96%
Donald Trump,Hillsborough_Florida,20201029,Hillsborough_Florida_20201029,10/29/2020,10/15/2020,10/29/2020,10/29/2020,11/12/2020,-10.6%,646386,747446,15.63%,-248.04%,10560,12457,17.96%
Mike Pence,Polk_Iowa,20201029,Polk_Iowa_20201029,10/29/2020,10/15/2020,10/29/2020,10/29/2020,11/12/2020,-0.6%,257917,335513,30.09%,-5241.51%,3985,4429,11.14%
Mike Pence,Washoe_Nevada,20201029,Washoe_Nevada_20201029,10/29/2020,10/15/2020,10/29/2020,10/29/2020,11/12/2020,9.6%,167727,225052,34.18%,257.25%,2645,3063,15.80%
Donald Trump,Cumberland_North Carolina,20201029,Cumberland_North Carolina_20201029,10/29/2020,10/15/2020,10/29/2020,10/29/2020,11/12/2020,1.6%,93723,113405,21.00%,1234.49%,1309,1547,18.18%
Donald Trump,Cumberland_North Carolina,20201029,Cumberland_North Carolina_20201029,10/29/2020,10/15/2020,10/29/2020,10/29/2020,11/12/2020,1.6%,93723,113405,21.00%,1234.49%,1309,1547,18.18%
Mike Pence,Coconino_Arizona,20201030,Coconino_Arizona_20201030,10/30/2020,10/16/2020,10/30/2020,10/30/2020,11/13/2020,0.8%,68888,85611,24.28%,2900.01%,2061,2258,9.56%
Mike Pence,Pima_Arizona,20201030,Pima_Arizona_20201030,10/30/2020,10/16/2020,10/30/2020,10/30/2020,11/13/2020,-9.3%,382338,448891,17.41%,-288.01%,8891,9804,10.27%
Joe Biden,Polk_Iowa,20201030,Polk_Iowa_20201030,10/30/2020,10/16/2020,10/30/2020,10/30/2020,11/13/2020,-0.6%,260096,342546,31.70%,-5517.37%,3993,4444,11.29%
Donald Trump,Oakland_Michigan,20201030,Oakland_Michigan_20201030,10/30/2020,10/16/2020,10/30/2020,10/30/2020,11/13/2020,-1.9%,336226,442440,31.59%,-1797.35%,17239,18767,8.86%
Donald Trump,Olmstead_Minnesota,20201030,Olmstead_Minnesota_20201030,10/30/2020,10/16/2020,10/30/2020,10/30/2020,11/13/2020,#N/A,0,0,#DIV/0!,#DIV/0!,0,0,#DIV/0!
Joe Biden,Ramsey_Minnesota,20201030,Ramsey_Minnesota_20201030,10/30/2020,10/16/2020,10/30/2020,10/30/2020,11/13/2020,4.5%,192532,256988,33.48%,636.03%,4963,5969,20.27%
Kamala Harris,Harris_Texas,20201030,Harris_Texas_20201030,10/30/2020,10/16/2020,10/30/2020,10/30/2020,11/13/2020,-5.6%,2199561,2495614,13.46%,-340.45%,38612,42736,10.68%
Kamala Harris,Hidalgo_Texas,20201030,Hidalgo_Texas_20201030,10/30/2020,10/16/2020,10/30/2020,10/30/2020,11/13/2020,-11.6%,485770,547441,12.70%,-209.40%,26779,29598,10.53%
Kamala Harris,Tarrant_Texas,20201030,Tarrant_Texas_20201030,10/30/2020,10/16/2020,10/30/2020,10/30/2020,11/13/2020,1.5%,868058,1086722,25.19%,1596.07%,11209,12978,15.78%
Donald Trump,Brown_Wisconsin,20201030,Brown_Wisconsin_20201030,10/30/2020,10/16/2020,10/30/2020,10/30/2020,11/13/2020,32.7%,200903,268655,33.72%,2.98%,1268,1672,31.86%
Joe Biden,Milwaukee_Wisconsin,20201030,Milwaukee_Wisconsin_20201030,10/30/2020,10/16/2020,10/30/2020,10/30/2020,11/13/2020,8.8%,557415,762255,36.75%,315.88%,7958,9276,16.56%
Kamala Harris,Broward_Florida,20201031,Broward_Florida_20201031,10/31/2020,10/17/2020,10/31/2020,10/31/2020,11/14/2020,-13.1%,1162839,1352428,16.30%,-224.01%,21250,23245,9.39%
Kamala Harris,Miami-Dade_Florida,20201031,Miami-Dade_Florida_20201031,10/31/2020,10/17/2020,10/31/2020,10/31/2020,11/14/2020,-14.2%,2538968,2890648,13.85%,-197.27%,50297,55214,9.78%
Kamala Harris,Palm beach_Florida,20201031,Palm beach_Florida_20201031,10/31/2020,10/17/2020,10/31/2020,10/31/2020,11/14/2020,-11.9%,703553,825394,17.32%,-245.87%,21627,24101,11.44%
Joe Biden,Genesee_Maine,20201031,Genesee_Maine_20201031,10/31/2020,10/17/2020,10/31/2020,10/31/2020,11/14/2020,#N/A,0,0,#DIV/0!,#DIV/0!,0,0,#DIV/0!
Joe Biden,Oakland_Michigan,20201031,Oakland_Michigan_20201031,10/31/2020,10/17/2020,10/31/2020,10/31/2020,11/14/2020,-1.9%,339733,450839,32.70%,-1857.20%,17254,18810,9.02%
Joe Biden,Wayne_Michigan,20201031,Wayne_Michigan_20201031,10/31/2020,10/17/2020,10/31/2020,10/31/2020,11/14/2020,-7.4%,554375,686625,23.86%,-420.88%,42574,46303,8.76%
Mike Pence,Pasquotank_North Carolina,20201031,Pasquotank_North Carolina_20201031,10/31/2020,10/17/2020,10/31/2020,10/31/2020,11/14/2020,-3.0%,11865,13958,17.64%,-690.42%,480,525,9.38%
Mike Pence,Wilson_North Carolina,20201031,Wilson_North Carolina_20201031,10/31/2020,10/17/2020,10/31/2020,10/31/2020,11/14/2020,3.6%,40053,50064,24.99%,597.94%,878,1032,17.54%
Donald Trump,Berks_Pennsylvania,20201031,Berks_Pennsylvania_20201031,10/31/2020,10/17/2020,10/31/2020,10/31/2020,11/14/2020,-0.9%,123280,154568,25.38%,-3083.72%,5854,6502,11.07%
Donald Trump,Bucks_Pennsylvania,20201031,Bucks_Pennsylvania_20201031,10/31/2020,10/17/2020,10/31/2020,10/31/2020,11/14/2020,-7.3%,138666,170083,22.66%,-412.00%,8741,9447,8.08%
Donald Trump,Butler_Pennsylvania,20201031,Butler_Pennsylvania_20201031,10/31/2020,10/17/2020,10/31/2020,10/31/2020,11/14/2020,23.4%,21885,34013,55.42%,136.56%,381,498,30.71%
Donald Trump,Lycoming_Pennsylvania,20201031,Lycoming_Pennsylvania_20201031,10/31/2020,10/17/2020,10/31/2020,10/31/2020,11/14/2020,10.0%,12975,16537,27.45%,175.01%,429,480,11.89%
Donald Trump,Miami-Dade_Florida,20201101,Miami-Dade_Florida_20201101,11/1/2020,10/18/2020,11/1/2020,11/1/2020,11/15/2020,-14.2%,2546966,2907401,14.15%,-199.38%,50407,55276,9.66%
Donald Trump,Floyd_Georgia,20201101,Floyd_Georgia_20201101,11/1/2020,10/18/2020,11/1/2020,11/1/2020,11/15/2020,3.1%,56032,69442,23.93%,676.57%,815,981,20.37%
Kamala Harris,Gwinnett_Georgia,20201101,Gwinnett_Georgia_20201101,11/1/2020,10/18/2020,11/1/2020,11/1/2020,11/15/2020,-8.1%,448397,517588,15.43%,-289.85%,6171,7156,15.96%
Donald Trump,Dubuque_Iowa,20201101,Dubuque_Iowa_20201101,11/1/2020,10/18/2020,11/1/2020,11/1/2020,11/15/2020,31.4%,72001,102172,41.90%,33.53%,787,1057,34.31%
Donald Trump,Macomb_Michigan,20201101,Macomb_Michigan_20201101,11/1/2020,10/18/2020,11/1/2020,11/1/2020,11/15/2020,1.6%,257129,353663,37.54%,2207.42%,15194,16936,11.47%
Donald Trump,Catawba_North Carolina,20201101,Catawba_North Carolina_20201101,11/1/2020,10/18/2020,11/1/2020,11/1/2020,11/15/2020,6.0%,59605,77251,29.60%,394.66%,844,971,15.05%
Kamala Harris,Cumberland_North Carolina,20201101,Cumberland_North Carolina_20201101,11/1/2020,10/18/2020,11/1/2020,11/1/2020,11/15/2020,1.6%,96071,116215,20.97%,1232.44%,1336,1574,17.81%
Mike Pence,Watauga_North Carolina,20201101,Watauga_North Carolina_20201101,11/1/2020,10/18/2020,11/1/2020,11/1/2020,11/15/2020,40.9%,19075,22531,18.12%,-55.71%,63,90,42.86%
Kamala Harris,Wayne_North Carolina,20201101,Wayne_North Carolina_20201101,11/1/2020,10/18/2020,11/1/2020,11/1/2020,11/15/2020,1.6%,61989,74608,20.36%,1171.06%,1110,1436,29.37%
Joe Biden,Philadelphia_Pennsylvania,20201101,Philadelphia_Pennsylvania_20201101,11/1/2020,10/18/2020,11/1/2020,11/1/2020,11/15/2020,-7.3%,594133,732326,23.26%,-417.12%,26273,28658,9.08%
Donald Trump,Grand Traverse_Michigan,20201102,Grand Traverse_Michigan_20201102,11/2/2020,10/19/2020,11/2/2020,11/2/2020,11/16/2020,23.5%,10785,16371,51.79%,120.63%,186,216,16.13%
Donald Trump,Kent_Michigan,20201102,Kent_Michigan_20201102,11/2/2020,10/19/2020,11/2/2020,11/2/2020,11/16/2020,14.6%,198458,305367,53.87%,267.79%,2570,3295,28.21%
Joe Biden,Cleveland_North Carolina,20201102,Cleveland_North Carolina_20201102,11/2/2020,10/19/2020,11/2/2020,11/2/2020,11/16/2020,10.4%,43339,53714,23.94%,129.19%,1155,1374,18.96%
Donald Trump,Cumberland_North Carolina,20201102,Cumberland_North Carolina_20201102,11/2/2020,10/19/2020,11/2/2020,11/2/2020,11/16/2020,1.6%,96865,117152,20.94%,1230.90%,1345,1583,17.70%
Joe Biden,Allegheny_Pennsylvania,20201102,Allegheny_Pennsylvania_20201102,11/2/2020,10/19/2020,11/2/2020,11/2/2020,11/16/2020,-1.5%,210006,268528,27.87%,-2020.97%,5907,6732,13.97%
Mike Pence,Erie_Pennsylvania,20201102,Erie_Pennsylvania_20201102,11/2/2020,10/19/2020,11/2/2020,11/2/2020,11/16/2020,7.2%,28500,41472,45.52%,529.93%,672,720,7.14%
Kamala Harris,Lazerne_Pennsylvania,20201102,Lazerne_Pennsylvania_20201102,11/2/2020,10/19/2020,11/2/2020,11/2/2020,11/16/2020,#N/A,0,0,#DIV/0!,#DIV/0!,0,0,#DIV/0!
Kamala Harris,Lehigh_Pennsylvania,20201102,Lehigh_Pennsylvania_20201102,11/2/2020,10/19/2020,11/2/2020,11/2/2020,11/16/2020,-6.9%,90528,116235,28.40%,-510.51%,5103,5568,9.11%
Donald Trump,Luzerne_Pennsylvania,20201102,Luzerne_Pennsylvania_20201102,11/2/2020,10/19/2020,11/2/2020,11/2/2020,11/16/2020,-2.0%,72346,94639,30.81%,-1634.40%,2753,3252,18.13%
Kamala Harris,Philadelphia_Pennsylvania,20201102,Philadelphia_Pennsylvania_20201102,11/2/2020,10/19/2020,11/2/2020,11/2/2020,11/16/2020,-7.3%,598459,743123,24.17%,-429.57%,26299,28699,9.13%
Mike Pence,Westmoreland_Pennsylvania,20201102,Westmoreland_Pennsylvania_20201102,11/2/2020,10/19/2020,11/2/2020,11/2/2020,11/16/2020,28.6%,56911,79372,39.47%,38.09%,1215,1826,50.29%
Donald Trump,Kenosha _Wisconsin,20201102,Kenosha _Wisconsin_20201102,11/2/2020,10/19/2020,11/2/2020,11/2/2020,11/16/2020,#N/A,0,0,#DIV/0!,#DIV/0!,0,0,#DIV/0!
Joe Biden,New Castle_Delaware,20201103,New Castle_Delaware_20201103,11/3/2020,10/20/2020,11/3/2020,11/3/2020,11/17/2020,-0.2%,179103,219089,22.33%,-10593.79%,4791,5394,12.59%
Kamala Harris,Wayne_Michigan,20201103,Wayne_Michigan_20201103,11/3/2020,10/20/2020,11/3/2020,11/3/2020,11/17/2020,-7.4%,567319,714744,25.99%,-449.54%,42695,46498,8.91%
Joe Biden,Philadelphia_Pennsylvania,20201103,Philadelphia_Pennsylvania_20201103,11/3/2020,10/20/2020,11/3/2020,11/3/2020,11/17/2020,-7.3%,603107,754044,25.03%,-441.21%,26326,28744,9.18%
