year,date1,cases,end_cases,perc_cng_cases
2020,20200801,6018.0,7579.0,0.25938850116317713
2020,20200901,7647.0,9433.0,0.23355564273571336
2020,20201001,9537.0,15216.0,0.5954702736709657
2020,20201101,15574.0,23832.0,0.5302427122126622
2020,20200801,18.0,25.0,0.3888888888888889
2020,20200901,25.0,29.0,0.16
2020,20201001,28.0,65.0,1.3214285714285714
2020,20201101,65.0,89.0,0.36923076923076925
2020,20200801,410.0,771.0,0.8804878048780488
2020,20200901,786.0,1199.0,0.5254452926208651
2020,20201001,1209.0,2285.0,0.8899917287014061
2020,20201101,2297.0,4138.0,0.8014801915542011
2020,20200801,80.0,188.0,1.35
2020,20200901,191.0,287.0,0.5026178010471204
2020,20201001,288.0,678.0,1.3541666666666667
2020,20201101,706.0,1432.0,1.028328611898017
2020,20200801,16.0,22.0,0.375
2020,20200901,22.0,38.0,0.7272727272727273
2020,20201001,38.0,86.0,1.263157894736842
2020,20201101,87.0,143.0,0.6436781609195402
2020,20200801,578.0,791.0,0.3685121107266436
2020,20200901,791.0,949.0,0.1997471554993679
2020,20201001,956.0,1119.0,0.1705020920502092
2020,20201101,1122.0,1276.0,0.13725490196078433
2020,20200801,340.0,410.0,0.20588235294117646
2020,20200901,416.0,574.0,0.3798076923076923
2020,20201001,580.0,913.0,0.5741379310344827
2020,20201101,922.0,1336.0,0.4490238611713666
2020,20200801,2.0,5.0,1.5
2020,20200901,4.0,21.0,4.25
2020,20201001,26.0,90.0,2.4615384615384617
2020,20201101,91.0,143.0,0.5714285714285714
2020,20200801,53.0,93.0,0.7547169811320755
2020,20200901,93.0,139.0,0.4946236559139785
2020,20201001,144.0,265.0,0.8402777777777778
2020,20201101,270.0,618.0,1.288888888888889
2020,20200801,469.0,642.0,0.36886993603411516
2020,20200901,648.0,852.0,0.3148148148148148
2020,20201001,854.0,1179.0,0.3805620608899297
2020,20201101,1184.0,1587.0,0.3403716216216216
2020,20200801,386.0,634.0,0.6424870466321243
2020,20200901,635.0,866.0,0.3637795275590551
2020,20201001,870.0,935.0,0.07471264367816093
2020,20201101,935.0,1162.0,0.2427807486631016
2020,20200801,69.0,116.0,0.6811594202898551
2020,20200901,121.0,274.0,1.2644628099173554
2020,20201001,281.0,616.0,1.1921708185053381
2020,20201101,630.0,949.0,0.5063492063492063
2020,20200801,8160.0,10347.0,0.26801470588235293
2020,20200901,10376.0,12348.0,0.1900539707016191
2020,20201001,12454.0,15796.0,0.2683475188694395
2020,20201101,15940.0,21434.0,0.34466750313676286
2020,20200801,3583.0,5005.0,0.39687412782584425
2020,20200901,5035.0,6440.0,0.27904667328699106
2020,20201001,6488.0,9523.0,0.46778668310727495
2020,20201101,9673.0,15377.0,0.5896826217305903
2020,20200801,14.0,28.0,1.0
2020,20200901,28.0,82.0,1.9285714285714286
2020,20201001,82.0,123.0,0.5
2020,20201101,123.0,283.0,1.3008130081300813
2020,20200801,217.0,253.0,0.16589861751152074
2020,20200901,254.0,371.0,0.46062992125984253
2020,20201001,378.0,562.0,0.48677248677248675
2020,20201101,566.0,637.0,0.1254416961130742
2020,20200801,1036.0,1447.0,0.3967181467181467
2020,20200901,1441.0,1596.0,0.10756419153365718
2020,20201001,1631.0,1851.0,0.134886572654813
2020,20201101,1854.0,1986.0,0.07119741100323625
2020,20200801,635.0,1150.0,0.8110236220472441
2020,20200901,1162.0,1479.0,0.2728055077452668
2020,20201001,1496.0,2555.0,0.7078877005347594
2020,20201101,2580.0,4114.0,0.5945736434108527
2020,20200801,105.0,125.0,0.19047619047619047
2020,20200901,125.0,148.0,0.184
2020,20201001,149.0,247.0,0.6577181208053692
2020,20201101,248.0,461.0,0.8588709677419355
2020,20200801,5168.0,6056.0,0.17182662538699692
2020,20200901,6095.0,7186.0,0.17899917965545528
2020,20201001,7215.0,9562.0,0.3252945252945253
2020,20201101,9648.0,11888.0,0.23217247097844113
2020,20200801,214.0,461.0,1.1542056074766356
2020,20200901,465.0,716.0,0.5397849462365591
2020,20201001,728.0,1376.0,0.8901098901098901
2020,20201101,1456.0,2748.0,0.8873626373626373
2020,20200801,56797.0,71121.0,0.25219641882493793
2020,20200901,72245.0,77220.0,0.06886289708630355
2020,20201001,77433.0,86235.0,0.11367246522800356
2020,20201101,86961.0,97475.0,0.12090477340416969
2020,20200801,13.0,21.0,0.6153846153846154
2020,20200901,20.0,69.0,2.45
2020,20201001,70.0,122.0,0.7428571428571429
2020,20201101,127.0,248.0,0.952755905511811
2020,20200801,69.0,89.0,0.2898550724637681
2020,20200901,90.0,104.0,0.15555555555555556
2020,20201001,103.0,159.0,0.5436893203883495
2020,20201101,160.0,292.0,0.825
2020,20200801,36.0,68.0,0.8888888888888888
2020,20200901,68.0,137.0,1.0147058823529411
2020,20201001,137.0,258.0,0.8832116788321168
2020,20201101,258.0,554.0,1.1472868217054264
2020,20200801,82.0,130.0,0.5853658536585366
2020,20200901,131.0,199.0,0.5190839694656488
2020,20201001,208.0,373.0,0.7932692307692307
2020,20201101,384.0,909.0,1.3671875
2020,20200813,1.0,3.0,2.0
2020,20200901,4.0,38.0,8.5
2020,20201001,47.0,82.0,0.7446808510638298
2020,20201101,86.0,138.0,0.6046511627906976
2020,20200801,112.0,211.0,0.8839285714285714
2020,20200901,218.0,295.0,0.3532110091743119
2020,20201001,296.0,480.0,0.6216216216216216
2020,20201101,485.0,798.0,0.6453608247422681
2020,20200801,406.0,675.0,0.6625615763546798
2020,20200901,695.0,1240.0,0.7841726618705036
2020,20201001,1275.0,2150.0,0.6862745098039216
2020,20201101,2220.0,3027.0,0.3635135135135135
2020,20200801,388.0,634.0,0.634020618556701
2020,20200901,639.0,836.0,0.3082942097026604
2020,20201001,839.0,1051.0,0.2526817640047676
2020,20201101,1051.0,1494.0,0.42150333016175073
2020,20200801,3962.0,5376.0,0.3568904593639576
2020,20200901,5469.0,9722.0,0.7776558785884073
2020,20201001,9980.0,16484.0,0.6517034068136273
2020,20201101,16581.0,20782.0,0.25336228213014894
2020,20200801,6959.0,7805.0,0.1215691909757149
2020,20200901,7824.0,8893.0,0.13663087934560328
2020,20201001,8929.0,10445.0,0.16978385037518198
2020,20201101,10513.0,13686.0,0.30181679824978597
2020,20200801,1657.0,2468.0,0.4894387447193724
2020,20200901,2492.0,3179.0,0.27568218298555375
2020,20201001,3224.0,4258.0,0.3207196029776675
2020,20201101,4306.0,4964.0,0.15281003251277286
2020,20200801,757.0,866.0,0.14398943196829592
2020,20200901,871.0,917.0,0.05281285878300804
2020,20201001,919.0,1022.0,0.11207834602829161
2020,20201101,1024.0,1102.0,0.076171875
2020,20200801,111.0,210.0,0.8918918918918919
2020,20200901,211.0,280.0,0.32701421800947866
2020,20201001,283.0,429.0,0.5159010600706714
2020,20201101,437.0,827.0,0.8924485125858124
2020,20200801,215.0,474.0,1.2046511627906977
2020,20200901,474.0,985.0,1.0780590717299579
2020,20201001,985.0,1572.0,0.5959390862944163
2020,20201101,1572.0,2654.0,0.688295165394402
2020,20200801,291.0,322.0,0.10652920962199312
2020,20200901,323.0,357.0,0.10526315789473684
2020,20201001,359.0,446.0,0.24233983286908078
2020,20201101,446.0,502.0,0.12556053811659193
2020,20200801,239.0,376.0,0.5732217573221757
2020,20200901,379.0,659.0,0.7387862796833773
2020,20201001,679.0,1301.0,0.9160530191458026
2020,20201101,1313.0,1799.0,0.37014470677837014
2020,20200801,56.0,94.0,0.6785714285714286
2020,20200901,94.0,125.0,0.32978723404255317
2020,20201001,144.0,300.0,1.0833333333333333
2020,20201101,305.0,447.0,0.46557377049180326
2020,20200801,2652.0,4029.0,0.5192307692307693
2020,20200901,4147.0,6231.0,0.5025319508078129
2020,20201001,6312.0,9427.0,0.49350443599493027
2020,20201101,9565.0,13050.0,0.3643491897543126
2020,20200801,600.0,785.0,0.30833333333333335
2020,20200901,789.0,1074.0,0.3612167300380228
2020,20201001,1082.0,1840.0,0.7005545286506469
2020,20201101,1892.0,3218.0,0.7008456659619451
2020,20200801,259.0,461.0,0.7799227799227799
2020,20200901,467.0,591.0,0.26552462526766596
2020,20201001,617.0,1203.0,0.9497568881685575
2020,20201101,1225.0,2530.0,1.0653061224489795
2020,20200801,1883.0,2616.0,0.38927243759957514
2020,20200901,2638.0,3217.0,0.21948445792266869
2020,20201001,3255.0,4651.0,0.4288786482334869
2020,20201101,4701.0,5901.0,0.2552648372686662
2020,20200801,4885.0,5678.0,0.1623336745138178
2020,20200901,5719.0,6958.0,0.21664626682986537
2020,20201001,7002.0,8223.0,0.17437874892887748
2020,20201101,8282.0,10180.0,0.22917169765757064
2020,20200801,550.0,879.0,0.5981818181818181
2020,20200901,889.0,1047.0,0.17772778402699663
2020,20201001,1049.0,1253.0,0.19447092469018112
2020,20201101,1265.0,1412.0,0.11620553359683794
2020,20200801,190.0,377.0,0.9842105263157894
2020,20200901,383.0,653.0,0.7049608355091384
2020,20201001,656.0,750.0,0.14329268292682926
2020,20201101,754.0,923.0,0.22413793103448276
2020,20200801,152.0,233.0,0.5328947368421053
2020,20200901,236.0,357.0,0.5127118644067796
2020,20201001,367.0,520.0,0.41689373297002724
2020,20201101,530.0,705.0,0.330188679245283
2020,20200801,2.0,21.0,9.5
2020,20200901,21.0,35.0,0.6666666666666666
2020,20201001,35.0,40.0,0.14285714285714285
2020,20201101,40.0,47.0,0.175
2020,20200801,66.0,116.0,0.7575757575757576
2020,20200901,116.0,183.0,0.5775862068965517
2020,20201001,184.0,328.0,0.782608695652174
2020,20201101,334.0,647.0,0.937125748502994
2020,20200801,1077.0,1773.0,0.6462395543175488
2020,20200901,1784.0,2310.0,0.2948430493273543
2020,20201001,2334.0,3289.0,0.4091688089117395
2020,20201101,3329.0,4460.0,0.33974166416341245
2020,20200801,44.0,47.0,0.06818181818181818
2020,20200901,47.0,52.0,0.10638297872340426
2020,20201001,52.0,75.0,0.4423076923076923
2020,20201101,75.0,95.0,0.26666666666666666
2020,20200801,152.0,249.0,0.6381578947368421
2020,20200901,255.0,328.0,0.28627450980392155
2020,20201001,328.0,562.0,0.7134146341463414
2020,20201101,565.0,711.0,0.2584070796460177
2020,20200801,13.0,43.0,2.3076923076923075
2020,20200901,44.0,68.0,0.5454545454545454
2020,20201001,73.0,128.0,0.7534246575342466
2020,20201101,130.0,238.0,0.8307692307692308
2020,20200801,42167.0,59420.0,0.40915882087888633
2020,20200901,59716.0,67176.0,0.12492464331167526
2020,20201001,67499.0,82362.0,0.22019585475340375
2020,20201101,82966.0,98930.0,0.19241617047947351
2020,20200801,1067.0,1420.0,0.33083411433926896
2020,20200901,1433.0,1873.0,0.30704815073272856
2020,20201001,1895.0,2863.0,0.5108179419525066
2020,20201101,2924.0,4389.0,0.5010259917920656
2020,20200801,16.0,19.0,0.1875
2020,20200901,19.0,43.0,1.263157894736842
2020,20201001,44.0,139.0,2.159090909090909
2020,20201101,145.0,199.0,0.3724137931034483
2020,20200801,1780.0,2612.0,0.46741573033707867
2020,20200901,2633.0,3476.0,0.3201671097607292
2020,20201001,3511.0,4803.0,0.3679863286812874
2020,20201101,4803.0,6920.0,0.4407661877992921
2020,20200801,173.0,241.0,0.3930635838150289
2020,20200901,246.0,455.0,0.8495934959349594
2020,20201001,476.0,1078.0,1.2647058823529411
2020,20201101,1101.0,1923.0,0.7465940054495913
2020,20200801,67.0,136.0,1.0298507462686568
2020,20200901,137.0,186.0,0.35766423357664234
2020,20201001,187.0,254.0,0.3582887700534759
2020,20201101,257.0,314.0,0.22178988326848248
2020,20200801,999.0,1604.0,0.6056056056056056
2020,20200901,1624.0,2290.0,0.4100985221674877
2020,20201001,2328.0,3322.0,0.4269759450171821
2020,20201101,3344.0,3841.0,0.1486244019138756
2020,20200801,2652.0,3930.0,0.4819004524886878
2020,20200901,3991.0,6195.0,0.5522425457278878
2020,20201001,6266.0,8622.0,0.3759974465368656
2020,20201101,8726.0,10830.0,0.24111849644739858
2020,20200801,2964.0,3324.0,0.1214574898785425
2020,20200901,3334.0,4166.0,0.2495500899820036
2020,20201001,4198.0,5375.0,0.28037160552644114
2020,20201101,5405.0,6537.0,0.20943570767807584
2020,20200801,46.0,140.0,2.0434782608695654
2020,20200901,140.0,219.0,0.5642857142857143
2020,20201001,221.0,313.0,0.416289592760181
2020,20201101,323.0,503.0,0.5572755417956656
2020,20200801,49.0,90.0,0.8367346938775511
2020,20200901,90.0,107.0,0.18888888888888888
2020,20201001,111.0,185.0,0.6666666666666666
2020,20201101,185.0,249.0,0.34594594594594597
2020,20200801,2047.0,2191.0,0.07034684904738642
2020,20200901,2196.0,2332.0,0.061930783242258654
2020,20201001,2333.0,2621.0,0.12344620660094299
2020,20201101,2638.0,3361.0,0.27407126611068994
2020,20200801,3241.0,3581.0,0.10490589324282629
2020,20200901,3595.0,3811.0,0.06008344923504868
2020,20201001,3810.0,4054.0,0.06404199475065617
2020,20201101,4076.0,4540.0,0.11383709519136408
2020,20200801,2694.0,4048.0,0.5025983667409057
2020,20200901,4117.0,5610.0,0.36264270099587076
2020,20201001,5664.0,7262.0,0.2821327683615819
2020,20201101,7324.0,8420.0,0.14964500273074824
2020,20200801,1219.0,1533.0,0.2575881870385562
2020,20200901,1546.0,1908.0,0.23415265200517466
2020,20201001,1918.0,2554.0,0.3315954118873827
2020,20201101,2566.0,3821.0,0.4890880748246298
2020,20200801,374.0,826.0,1.2085561497326203
2020,20200901,831.0,1223.0,0.4717208182912154
2020,20201001,1234.0,1705.0,0.38168557536466774
2020,20201101,1708.0,2254.0,0.319672131147541
2020,20200801,65.0,97.0,0.49230769230769234
2020,20200901,99.0,105.0,0.06060606060606061
2020,20201001,105.0,123.0,0.17142857142857143
2020,20201101,126.0,139.0,0.10317460317460317
2020,20200801,12518.0,15714.0,0.25531235021568943
2020,20200901,15804.0,17649.0,0.11674259681093394
2020,20201001,17704.0,21488.0,0.21373700858563036
2020,20201101,21777.0,31140.0,0.4299490287918446
2020,20200801,2649.0,3329.0,0.2567006417516044
2020,20200901,3355.0,3858.0,0.14992548435171385
2020,20201001,3879.0,4960.0,0.27868007218355245
2020,20201101,4998.0,6365.0,0.2735094037615046
2020,20200801,1635.0,2171.0,0.32782874617737
2020,20200901,2203.0,2820.0,0.2800726282342261
2020,20201001,2883.0,3836.0,0.3305584460631287
2020,20201101,3874.0,4593.0,0.18559628291171915
2020,20200801,21410.0,25975.0,0.21321812237272303
2020,20200901,26019.0,29005.0,0.11476228909642953
2020,20201001,29065.0,34900.0,0.20075692413555823
2020,20201101,34980.0,41553.0,0.1879073756432247
2020,20200801,1624.0,2103.0,0.29495073891625617
2020,20200901,2118.0,2803.0,0.32341831916902736
2020,20201001,2834.0,4394.0,0.5504587155963303
2020,20201101,4545.0,7950.0,0.7491749174917491
2020,20200801,2279.0,3167.0,0.3896445809565599
2020,20200901,3179.0,3595.0,0.13085876061654608
2020,20201001,3621.0,4531.0,0.25131179232256284
2020,20201101,4538.0,5167.0,0.1386073159982371
2020,20200801,102.0,222.0,1.1764705882352942
2020,20200901,223.0,318.0,0.4260089686098655
2020,20201001,326.0,787.0,1.4141104294478528
2020,20201101,825.0,1166.0,0.41333333333333333
2020,20200801,663.0,1375.0,1.0739064856711915
2020,20200901,1420.0,2340.0,0.647887323943662
2020,20201001,2391.0,2961.0,0.2383939774153074
2020,20201101,2961.0,4035.0,0.36271529888551163
2020,20200801,126.0,167.0,0.3253968253968254
2020,20200901,171.0,362.0,1.1169590643274854
2020,20201001,382.0,828.0,1.1675392670157068
2020,20201101,859.0,1833.0,1.1338766006984866
2020,20200801,73.0,112.0,0.5342465753424658
2020,20200901,112.0,214.0,0.9107142857142857
2020,20201001,219.0,302.0,0.3789954337899543
2020,20201101,305.0,367.0,0.20327868852459016
2020,20200801,10354.0,13496.0,0.3034576009271779
2020,20200901,13573.0,16438.0,0.211080822220585
2020,20201001,16614.0,23390.0,0.4078488022149994
2020,20201101,23619.0,33903.0,0.4354121681696939
2020,20200801,173.0,247.0,0.4277456647398844
2020,20200901,252.0,312.0,0.23809523809523808
2020,20201001,315.0,426.0,0.3523809523809524
2020,20201101,426.0,498.0,0.16901408450704225
2020,20200801,128.0,177.0,0.3828125
2020,20200901,178.0,243.0,0.3651685393258427
2020,20201001,248.0,376.0,0.5161290322580645
2020,20201101,373.0,697.0,0.868632707774799
2020,20200801,16.0,27.0,0.6875
2020,20200901,29.0,87.0,2.0
2020,20201001,93.0,177.0,0.9032258064516129
2020,20201101,180.0,264.0,0.4666666666666667
2020,20200801,789.0,1155.0,0.46387832699619774
2020,20200901,1162.0,1311.0,0.12822719449225473
2020,20201001,1314.0,1426.0,0.0852359208523592
2020,20201101,1426.0,1710.0,0.19915848527349228
2020,20200801,122.0,252.0,1.0655737704918034
2020,20200901,257.0,507.0,0.9727626459143969
2020,20201001,527.0,846.0,0.6053130929791272
2020,20201101,848.0,1441.0,0.6992924528301887
2020,20200801,1503.0,2039.0,0.35662009314703924
2020,20200901,2049.0,3474.0,0.6954612005856515
2020,20201001,3539.0,5769.0,0.6301215032495056
2020,20201101,5857.0,8200.0,0.40003414717432134
2020,20200801,5845.0,6951.0,0.18922155688622755
2020,20200901,6978.0,7843.0,0.1239610203496704
2020,20201001,7883.0,9276.0,0.17670937460357733
2020,20201101,9292.0,10569.0,0.13743004735256134
2020,20200801,21322.0,26460.0,0.24097176625082076
2020,20200901,26683.0,30548.0,0.14484878012217517
2020,20201001,30666.0,35256.0,0.1496771668949325
2020,20201101,35429.0,39305.0,0.10940190239634198
2020,20200801,150.0,259.0,0.7266666666666667
2020,20200901,322.0,448.0,0.391304347826087
2020,20201001,448.0,497.0,0.109375
2020,20201101,499.0,544.0,0.09018036072144289
2020,20200801,485.0,801.0,0.6515463917525773
2020,20200901,825.0,2022.0,1.450909090909091
2020,20201001,2038.0,3882.0,0.9048086359175662
2020,20201101,4001.0,6685.0,0.6708322919270182
2020,20200801,8548.0,9872.0,0.15489003275620028
2020,20200901,9947.0,11500.0,0.15612747562079018
2020,20201001,11574.0,13413.0,0.15889061689994816
2020,20201101,13531.0,18983.0,0.4029266129628261
2020,20200801,507.0,776.0,0.5305719921104537
2020,20200901,774.0,966.0,0.24806201550387597
2020,20201001,983.0,1263.0,0.28484231943031535
2020,20201101,1274.0,1810.0,0.4207221350078493
2020,20200801,954.0,1349.0,0.4140461215932914
2020,20200901,1358.0,1567.0,0.15390279823269515
2020,20201001,1579.0,2223.0,0.4078530715642812
2020,20201101,2261.0,3764.0,0.664750110570544
2020,20200801,1020.0,1404.0,0.3764705882352941
2020,20200901,1434.0,1620.0,0.1297071129707113
2020,20201001,1623.0,1766.0,0.08810844115834873
2020,20201101,1768.0,1908.0,0.07918552036199095
2020,20200801,7908.0,11183.0,0.4141375821952453
2020,20200901,11256.0,12353.0,0.0974591329068941
2020,20201001,12393.0,13642.0,0.10078269991124021
2020,20201101,13704.0,15436.0,0.12638645650904845
2020,20200801,15689.0,18417.0,0.1738797883867678
2020,20200901,18508.0,20981.0,0.13361789496433973
2020,20201001,21018.0,24103.0,0.1467789513750119
2020,20201101,24233.0,27270.0,0.12532497008211943
2020,20200801,1243.0,2277.0,0.831858407079646
2020,20200901,2313.0,3219.0,0.39169909208819714
2020,20201001,3259.0,4275.0,0.31175207118748083
2020,20201101,4286.0,5107.0,0.1915538964069062
2020,20200801,668.0,1082.0,0.6197604790419161
2020,20200901,1087.0,1426.0,0.31186752529898804
2020,20201001,1439.0,2016.0,0.4009728978457262
2020,20201101,2038.0,2779.0,0.36359175662414134
2020,20200801,116.0,215.0,0.853448275862069
2020,20200901,219.0,357.0,0.6301369863013698
2020,20201001,368.0,480.0,0.30434782608695654
2020,20201101,485.0,826.0,0.7030927835051546
2020,20200801,81.0,145.0,0.7901234567901234
2020,20200901,148.0,193.0,0.30405405405405406
2020,20201001,198.0,454.0,1.292929292929293
2020,20201101,475.0,929.0,0.9557894736842105
2020,20200801,83.0,100.0,0.20481927710843373
2020,20200901,99.0,111.0,0.12121212121212122
2020,20201001,111.0,142.0,0.27927927927927926
2020,20201101,128.0,184.0,0.4375
2020,20200801,33.0,153.0,3.6363636363636362
2020,20200901,152.0,205.0,0.34868421052631576
2020,20201001,206.0,253.0,0.22815533980582525
2020,20201101,257.0,296.0,0.1517509727626459
2020,20200801,1898.0,3091.0,0.6285563751317176
2020,20200901,3154.0,4114.0,0.3043753963221306
2020,20201001,4160.0,5243.0,0.2603365384615385
2020,20201101,5261.0,6122.0,0.1636570994107584
2020,20200801,4883.0,6160.0,0.26151955764898627
2020,20200901,6220.0,7097.0,0.1409967845659164
2020,20201001,7182.0,9121.0,0.2699805068226121
2020,20201101,9221.0,11366.0,0.23262119076022122
2020,20200801,1177.0,1565.0,0.3296516567544605
2020,20200901,1567.0,1794.0,0.14486279514996808
2020,20201001,1808.0,2120.0,0.17256637168141592
2020,20201101,2185.0,2362.0,0.08100686498855836
2020,20200801,105.0,166.0,0.580952380952381
2020,20200901,168.0,293.0,0.7440476190476191
2020,20201001,304.0,569.0,0.8717105263157895
2020,20201101,575.0,682.0,0.18608695652173912
2020,20200801,116.0,544.0,3.689655172413793
2020,20200901,549.0,627.0,0.14207650273224043
2020,20201001,628.0,773.0,0.23089171974522293
2020,20201101,784.0,809.0,0.03188775510204082
2020,20200801,354.0,554.0,0.5649717514124294
2020,20200901,563.0,758.0,0.3463587921847247
2020,20201001,765.0,986.0,0.28888888888888886
2020,20201101,989.0,1134.0,0.14661274014155712
2020,20200801,48.0,59.0,0.22916666666666666
2020,20200901,61.0,154.0,1.5245901639344261
2020,20201001,157.0,394.0,1.5095541401273886
2020,20201101,394.0,564.0,0.43147208121827413
2020,20200801,118.0,343.0,1.9067796610169492
2020,20200901,345.0,552.0,0.6
2020,20201001,556.0,1081.0,0.9442446043165468
2020,20201101,1110.0,1717.0,0.5468468468468468
2020,20200801,208.0,284.0,0.36538461538461536
2020,20200901,286.0,325.0,0.13636363636363635
2020,20201001,326.0,417.0,0.2791411042944785
2020,20201101,417.0,583.0,0.3980815347721823
2020,20200801,212.0,296.0,0.39622641509433965
2020,20200901,297.0,353.0,0.18855218855218855
2020,20201001,353.0,406.0,0.1501416430594901
2020,20201101,412.0,634.0,0.5388349514563107
2020,20200801,150.0,264.0,0.76
2020,20200901,264.0,393.0,0.48863636363636365
2020,20201001,393.0,594.0,0.5114503816793893
2020,20201101,594.0,919.0,0.5471380471380471
2020,20200801,250.0,466.0,0.864
2020,20200901,481.0,672.0,0.3970893970893971
2020,20201001,677.0,903.0,0.33382570162481534
2020,20201101,906.0,1146.0,0.26490066225165565
2020,20200801,785.0,1086.0,0.3834394904458599
2020,20200901,1088.0,1215.0,0.11672794117647059
2020,20201001,1219.0,1348.0,0.10582444626743231
2020,20201101,1359.0,1532.0,0.12729948491537896
2020,20200801,45.0,53.0,0.17777777777777778
2020,20200901,52.0,62.0,0.19230769230769232
2020,20201001,62.0,82.0,0.3225806451612903
2020,20201101,86.0,170.0,0.9767441860465116
2020,20200801,404.0,430.0,0.06435643564356436
2020,20200901,392.0,431.0,0.09948979591836735
2020,20201001,412.0,479.0,0.16262135922330098
2020,20201101,483.0,562.0,0.16356107660455488
2020,20200801,111.0,175.0,0.5765765765765766
2020,20200901,176.0,199.0,0.13068181818181818
2020,20201001,201.0,256.0,0.2736318407960199
2020,20201101,258.0,297.0,0.1511627906976744
2020,20200801,516.0,1025.0,0.9864341085271318
2020,20200901,1040.0,1828.0,0.7576923076923077
2020,20201001,1855.0,2879.0,0.5520215633423181
2020,20201101,2941.0,4067.0,0.3828629717783067
2020,20200801,9.0,20.0,1.2222222222222223
2020,20200901,20.0,31.0,0.55
2020,20201001,33.0,94.0,1.8484848484848484
2020,20201101,94.0,147.0,0.5638297872340425
2020,20200801,50.0,58.0,0.16
2020,20200901,58.0,66.0,0.13793103448275862
2020,20201001,66.0,86.0,0.30303030303030304
2020,20201101,87.0,207.0,1.3793103448275863
2020,20200801,774.0,1056.0,0.3643410852713178
2020,20200901,1063.0,1225.0,0.1523988711194732
2020,20201001,1243.0,1490.0,0.19871279163314562
2020,20201101,1497.0,1746.0,0.16633266533066132
2020,20200801,16952.0,21785.0,0.2850991033506371
2020,20200901,22005.0,27424.0,0.2462622131333788
2020,20201001,27600.0,34104.0,0.23565217391304347
2020,20201101,34517.0,44809.0,0.29817191528811887
2020,20200801,1276.0,1514.0,0.1865203761755486
2020,20200901,1525.0,1795.0,0.17704918032786884
2020,20201001,1798.0,2306.0,0.2825361512791991
2020,20201101,2329.0,3425.0,0.47058823529411764
2020,20200801,271.0,492.0,0.8154981549815498
2020,20200901,517.0,1010.0,0.9535783365570599
2020,20201001,1017.0,1357.0,0.3343166175024582
2020,20201101,1357.0,1793.0,0.3212969786293294
2020,20200801,84.0,111.0,0.32142857142857145
2020,20200901,111.0,135.0,0.21621621621621623
2020,20201001,136.0,223.0,0.6397058823529411
2020,20201101,223.0,242.0,0.08520179372197309
2020,20200801,117.0,123.0,0.05128205128205128
2020,20200901,122.0,128.0,0.04918032786885246
2020,20201001,128.0,143.0,0.1171875
2020,20201101,143.0,173.0,0.2097902097902098
2020,20200801,156.0,213.0,0.36538461538461536
2020,20200901,216.0,373.0,0.7268518518518519
2020,20201001,379.0,921.0,1.4300791556728232
2020,20201101,945.0,1291.0,0.36613756613756615
2020,20200801,3418.0,4081.0,0.19397308367466354
2020,20200901,4101.0,4469.0,0.0897342111680078
2020,20201001,4481.0,5055.0,0.12809640705199732
2020,20201101,5085.0,5782.0,0.13706981317600786
2020,20200801,15083.0,24963.0,0.6550421003779089
2020,20200901,25185.0,28621.0,0.13643041492952154
2020,20201001,28706.0,31594.0,0.10060614505678256
2020,20201101,31594.0,34858.0,0.10331075520668481
2020,20200801,27.0,70.0,1.5925925925925926
2020,20200901,71.0,177.0,1.4929577464788732
2020,20201001,186.0,343.0,0.8440860215053764
2020,20201101,348.0,465.0,0.33620689655172414
2020,20200801,17858.0,24891.0,0.39382909620338225
2020,20200901,25063.0,27684.0,0.10457646730239796
2020,20201001,27790.0,33719.0,0.21335012594458438
2020,20201101,33817.0,37477.0,0.10822958866842121
2020,20200801,25.0,86.0,2.44
2020,20200901,89.0,190.0,1.1348314606741574
2020,20201001,197.0,622.0,2.1573604060913705
2020,20201101,657.0,1116.0,0.6986301369863014
2020,20200801,140.0,207.0,0.4785714285714286
2020,20200901,209.0,249.0,0.19138755980861244
2020,20201001,250.0,431.0,0.724
2020,20201101,442.0,716.0,0.6199095022624435
2020,20200801,56.0,120.0,1.1428571428571428
2020,20200901,120.0,157.0,0.30833333333333335
2020,20201001,159.0,238.0,0.4968553459119497
2020,20201101,239.0,266.0,0.11297071129707113
2020,20200801,282.0,311.0,0.10283687943262411
2020,20200901,311.0,339.0,0.09003215434083602
2020,20201001,339.0,365.0,0.07669616519174041
2020,20201101,367.0,408.0,0.11171662125340599
2020,20200801,138.0,184.0,0.3333333333333333
2020,20200901,187.0,301.0,0.6096256684491979
2020,20201001,312.0,642.0,1.0576923076923077
2020,20201101,647.0,1045.0,0.615146831530139
2020,20200801,22.0,34.0,0.5454545454545454
2020,20200901,34.0,53.0,0.5588235294117647
2020,20201001,52.0,94.0,0.8076923076923077
2020,20201101,95.0,183.0,0.9263157894736842
2020,20200801,43.0,63.0,0.46511627906976744
2020,20200901,63.0,75.0,0.19047619047619047
2020,20201001,76.0,113.0,0.4868421052631579
2020,20201101,117.0,166.0,0.4188034188034188
2020,20200801,79.0,93.0,0.17721518987341772
2020,20200901,92.0,99.0,0.07608695652173914
2020,20201001,99.0,131.0,0.32323232323232326
2020,20201101,131.0,173.0,0.32061068702290074
2020,20200801,864.0,1092.0,0.2638888888888889
2020,20200901,1095.0,1473.0,0.3452054794520548
2020,20201001,1508.0,3445.0,1.2844827586206897
2020,20201101,3550.0,6121.0,0.724225352112676
2020,20200801,3487.0,3967.0,0.13765414396329223
2020,20200901,3980.0,4727.0,0.18768844221105527
2020,20201001,4772.0,7352.0,0.5406538139145013
2020,20201101,7352.0,11498.0,0.5639281828073993
2020,20200801,272.0,295.0,0.08455882352941177
2020,20200901,297.0,330.0,0.1111111111111111
2020,20201001,335.0,407.0,0.21492537313432836
2020,20201101,411.0,655.0,0.5936739659367397
2020,20200801,491.0,750.0,0.5274949083503055
2020,20200901,751.0,827.0,0.10119840213049268
2020,20201001,830.0,1132.0,0.363855421686747
2020,20201101,1124.0,1228.0,0.09252669039145907
2020,20200801,16.0,18.0,0.125
2020,20200901,19.0,48.0,1.5263157894736843
2020,20201001,48.0,65.0,0.3541666666666667
2020,20201101,64.0,180.0,1.8125
2020,20200801,196.0,356.0,0.8163265306122449
2020,20200901,360.0,496.0,0.37777777777777777
2020,20201001,503.0,874.0,0.7375745526838966
2020,20201101,874.0,1424.0,0.6292906178489702
2020,20200801,10139.0,12137.0,0.197060854127626
2020,20200901,12175.0,14550.0,0.19507186858316222
2020,20201001,14577.0,18021.0,0.23626260547437744
2020,20201101,18207.0,21343.0,0.172241445597847
2020,20200801,17511.0,24252.0,0.38495802638341614
2020,20200901,24477.0,27647.0,0.12950933529435796
2020,20201001,27733.0,32947.0,0.18800706739263692
2020,20201101,33063.0,36744.0,0.11133290989928318
2020,20200801,574.0,699.0,0.21777003484320556
2020,20200901,703.0,859.0,0.22190611664295876
2020,20201001,861.0,907.0,0.053426248548199766
2020,20201101,910.0,950.0,0.04395604395604396
2020,20200801,20.0,45.0,1.25
2020,20200901,45.0,74.0,0.6444444444444445
2020,20201001,74.0,143.0,0.9324324324324325
2020,20201101,148.0,315.0,1.1283783783783783
2020,20200801,2475.0,3945.0,0.593939393939394
2020,20200901,3988.0,5029.0,0.2610330992978937
2020,20201001,5062.0,6985.0,0.3798893717898064
2020,20201101,7118.0,10940.0,0.5369485810620961
2020,20200801,238.0,280.0,0.17647058823529413
2020,20200901,282.0,337.0,0.1950354609929078
2020,20201001,340.0,502.0,0.4764705882352941
2020,20201101,504.0,877.0,0.7400793650793651
2020,20200801,41.0,44.0,0.07317073170731707
2020,20200901,44.0,46.0,0.045454545454545456
2020,20201001,46.0,72.0,0.5652173913043478
2020,20201101,70.0,115.0,0.6428571428571429
2020,20200801,96.0,109.0,0.13541666666666666
2020,20200901,109.0,142.0,0.30275229357798167
2020,20201001,142.0,257.0,0.8098591549295775
2020,20201101,257.0,441.0,0.7159533073929961
2020,20200801,7.0,14.0,1.0
2020,20200901,14.0,15.0,0.07142857142857142
2020,20201001,15.0,18.0,0.2
2020,20201101,19.0,31.0,0.631578947368421
2020,20200801,9048.0,11174.0,0.23496905393457118
2020,20200901,11285.0,13426.0,0.189720868409393
2020,20201001,13537.0,18758.0,0.3856836817610992
2020,20201101,19030.0,26468.0,0.39085654230162903
2020,20200801,5549.0,7998.0,0.441340782122905
2020,20200901,8136.0,9825.0,0.20759587020648967
2020,20201001,9878.0,12656.0,0.2812310184247823
2020,20201101,12728.0,15610.0,0.22642991829038342
2020,20200801,55.0,101.0,0.8363636363636363
2020,20200901,102.0,145.0,0.4215686274509804
2020,20201001,148.0,206.0,0.3918918918918919
2020,20201101,206.0,264.0,0.2815533980582524
2020,20200801,616.0,725.0,0.17694805194805194
2020,20200901,728.0,799.0,0.09752747252747253
2020,20201001,799.0,891.0,0.11514392991239049
2020,20201101,893.0,977.0,0.0940649496080627
2020,20200801,74884.0,106595.0,0.42346829763367344
2020,20200901,107490.0,142681.0,0.32738859428784073
2020,20201001,143530.0,162306.0,0.1308158573120602
2020,20201101,162807.0,177466.0,0.09003912608180238
2020,20200801,17547.0,23134.0,0.3184020060409187
2020,20200901,23209.0,27728.0,0.19470894911456763
2020,20201001,27873.0,36580.0,0.31238115739245864
2020,20201101,36936.0,53486.0,0.44807234134719515
2020,20200801,88.0,98.0,0.11363636363636363
2020,20200901,98.0,101.0,0.030612244897959183
2020,20201001,101.0,124.0,0.22772277227722773
2020,20201101,125.0,148.0,0.184
2020,20200801,17006.0,27479.0,0.6158414677172762
2020,20200901,27610.0,31924.0,0.1562477363274176
2020,20201001,32138.0,35785.0,0.11347937021594375
2020,20201101,35785.0,38628.0,0.0794466955428252
2020,20200801,29589.0,37136.0,0.2550610023995404
2020,20200901,37458.0,42248.0,0.12787655507501736
2020,20201001,42380.0,48287.0,0.13938178386031147
2020,20201101,48669.0,53900.0,0.10748114816412911
2020,20200801,3755.0,4040.0,0.0758988015978695
2020,20200901,4048.0,4426.0,0.09337944664031621
2020,20201001,4451.0,5593.0,0.2565715569534936
2020,20201101,5615.0,7183.0,0.2792520035618878
2020,20200801,1473.0,1783.0,0.21045485403937542
2020,20200901,1796.0,3607.0,1.0083518930957684
2020,20201001,3632.0,4928.0,0.3568281938325991
2020,20201101,4928.0,7168.0,0.45454545454545453
2020,20200801,3000.0,3888.0,0.296
2020,20200901,3928.0,4611.0,0.17387983706720977
2020,20201001,4655.0,5861.0,0.2590762620837809
2020,20201101,5861.0,6969.0,0.18904623784337143
2020,20200801,40.0,89.0,1.225
2020,20200901,93.0,189.0,1.032258064516129
2020,20201001,193.0,308.0,0.5958549222797928
2020,20201101,310.0,440.0,0.41935483870967744
2020,20200801,2183.0,2624.0,0.20201557489693084
2020,20200901,2639.0,2963.0,0.12277377794619174
2020,20201001,2969.0,3569.0,0.20208824520040417
2020,20201101,3606.0,4172.0,0.1569606211869107
2020,20200801,236.0,265.0,0.1228813559322034
2020,20200901,266.0,307.0,0.15413533834586465
2020,20201001,307.0,348.0,0.13355048859934854
2020,20201101,350.0,379.0,0.08285714285714285
2020,20200801,7111.0,8490.0,0.1939249050766418
2020,20200901,8537.0,10193.0,0.19397914958416307
2020,20201001,10285.0,15956.0,0.5513855128828391
2020,20201101,15956.0,26313.0,0.6490975181749812
2020,20200801,1421.0,1664.0,0.17100633356790992
2020,20200901,1664.0,1945.0,0.16887019230769232
2020,20201001,1945.0,2566.0,0.319280205655527
2020,20201101,2566.0,4152.0,0.6180826188620421
2020,20200801,2.0,7.0,2.5
2020,20200901,7.0,9.0,0.2857142857142857
2020,20201001,9.0,12.0,0.3333333333333333
2020,20201101,12.0,21.0,0.75
2020,20200801,1898.0,2085.0,0.09852476290832456
2020,20200901,2093.0,2594.0,0.23936932632584806
2020,20201001,2619.0,3846.0,0.46849942726231386
2020,20201101,3875.0,4465.0,0.15225806451612903
2020,20200801,3074.0,4059.0,0.32042940793754066
2020,20200901,4117.0,6532.0,0.5865921787709497
2020,20201001,6641.0,9660.0,0.45460021081162477
2020,20201101,9792.0,13548.0,0.38357843137254904
2020,20200801,5590.0,6731.0,0.20411449016100178
2020,20200901,6789.0,7993.0,0.1773457062895861
2020,20201001,8052.0,9877.0,0.22665176353700944
2020,20201101,9929.0,12853.0,0.29449088528552725
2020,20200801,1039.0,1658.0,0.5957651588065448
2020,20200901,1676.0,2182.0,0.301909307875895
2020,20201001,2185.0,2622.0,0.2
2020,20201101,2658.0,3143.0,0.18246802106847254
2020,20200801,31.0,71.0,1.2903225806451613
2020,20200901,72.0,151.0,1.0972222222222223
2020,20201001,153.0,204.0,0.3333333333333333
2020,20201101,204.0,223.0,0.09313725490196079
2020,20200801,2597.0,4564.0,0.7574123989218329
2020,20200901,4769.0,6017.0,0.26169008177815056
2020,20201001,6043.0,6702.0,0.10905179546582823
2020,20201101,6715.0,7331.0,0.09173492181682799
2020,20200801,885.0,1003.0,0.13333333333333333
2020,20200901,1004.0,1065.0,0.060756972111553786
2020,20201001,1068.0,1113.0,0.042134831460674156
2020,20201101,1113.0,1145.0,0.028751123090745734
2020,20200801,15550.0,18672.0,0.20077170418006432
2020,20200901,18823.0,20515.0,0.08989002815704192
2020,20201001,20585.0,23588.0,0.14588292445955794
2020,20201101,23684.0,26988.0,0.1395034622529978
2020,20200801,506.0,663.0,0.3102766798418972
2020,20200901,641.0,700.0,0.09204368174726989
2020,20201001,703.0,830.0,0.1806543385490754
2020,20201101,831.0,892.0,0.07340553549939831
2020,20200801,146.0,244.0,0.6712328767123288
2020,20200901,243.0,394.0,0.6213991769547325
2020,20201001,412.0,840.0,1.0388349514563107
2020,20201101,926.0,1532.0,0.6544276457883369
2020,20200801,88.0,423.0,3.8068181818181817
2020,20200901,440.0,666.0,0.5136363636363637
2020,20201001,680.0,1071.0,0.575
2020,20201101,1094.0,1757.0,0.6060329067641682
2020,20200801,3.0,13.0,3.3333333333333335
2020,20200901,12.0,18.0,0.5
2020,20201001,18.0,186.0,9.333333333333334
2020,20201101,189.0,604.0,2.195767195767196
2020,20200801,1194.0,2177.0,0.8232830820770519
2020,20200901,2211.0,2935.0,0.3274536408864767
2020,20201001,2967.0,3734.0,0.258510279743849
2020,20201101,3743.0,4579.0,0.2233502538071066
2020,20200801,1178.0,1432.0,0.21561969439728354
2020,20200901,1448.0,1671.0,0.15400552486187846
2020,20201001,1683.0,2146.0,0.27510398098633393
2020,20201101,2157.0,2310.0,0.07093184979137691
2020,20200801,513.0,650.0,0.26705653021442494
2020,20200901,652.0,720.0,0.10429447852760736
2020,20201001,717.0,794.0,0.10739191073919108
2020,20201101,795.0,844.0,0.061635220125786164
2020,20200801,152.0,197.0,0.29605263157894735
2020,20200901,196.0,228.0,0.16326530612244897
2020,20201001,230.0,245.0,0.06521739130434782
2020,20201101,245.0,263.0,0.07346938775510205
2020,20200801,95.0,201.0,1.1157894736842104
2020,20200901,210.0,280.0,0.3333333333333333
2020,20201001,290.0,536.0,0.8482758620689655
2020,20201101,579.0,770.0,0.3298791018998273
2020,20200801,4828.0,5204.0,0.07787903893951947
2020,20200901,5212.0,5688.0,0.09132770529547199
2020,20201001,5704.0,6811.0,0.19407433380084152
2020,20201101,6863.0,8970.0,0.30700859682354653
2020,20200801,531.0,797.0,0.5009416195856874
2020,20200901,805.0,1021.0,0.2683229813664596
2020,20201001,1031.0,1528.0,0.48205625606207564
2020,20201101,1538.0,1843.0,0.19830949284785435
2020,20200801,4293.0,6320.0,0.47216398788725833
2020,20200901,6474.0,10644.0,0.644114921223355
2020,20201001,10709.0,12393.0,0.15725091044915493
2020,20201101,12429.0,13798.0,0.11014562716228177
2020,20200801,138.0,188.0,0.36231884057971014
2020,20200901,192.0,249.0,0.296875
2020,20201001,252.0,372.0,0.47619047619047616
2020,20201101,372.0,426.0,0.14516129032258066
2020,20200801,42.0,96.0,1.2857142857142858
2020,20200901,97.0,159.0,0.6391752577319587
2020,20201001,159.0,218.0,0.3710691823899371
2020,20201101,223.0,291.0,0.30493273542600896
2020,20200801,4762.0,6418.0,0.3477530449391012
2020,20200901,6475.0,7401.0,0.143011583011583
2020,20201001,7429.0,8990.0,0.2101224929331
2020,20201101,9086.0,12443.0,0.36946951353731017
2020,20200801,3276.0,3778.0,0.15323565323565325
2020,20200901,3788.0,4135.0,0.09160506863780359
2020,20201001,4147.0,5545.0,0.33711116469737157
2020,20201101,5624.0,7555.0,0.34334992887624466
2020,20200801,332.0,522.0,0.572289156626506
2020,20200901,526.0,709.0,0.34790874524714827
2020,20201001,718.0,995.0,0.38579387186629527
2020,20201101,1004.0,1463.0,0.45717131474103584
2020,20200801,9806.0,13023.0,0.32806445033652865
2020,20200901,13126.0,15063.0,0.14756970897455432
2020,20201001,15153.0,19975.0,0.3182208143601927
2020,20201101,19975.0,29863.0,0.49501877346683354
2020,20200801,295.0,518.0,0.7559322033898305
2020,20200901,535.0,1284.0,1.4
2020,20201001,1359.0,3347.0,1.462840323767476
2020,20201101,3421.0,4800.0,0.40309850920783397
2020,20200801,561.0,778.0,0.3868092691622103
2020,20200901,784.0,1653.0,1.1084183673469388
2020,20201001,1740.0,5726.0,2.2908045977011495
2020,20201101,5851.0,9140.0,0.5621261322850795
2020,20200801,119295.0,133728.0,0.1209857915252106
2020,20200901,134004.0,141856.0,0.05859526581296081
2020,20201001,142287.0,158765.0,0.11580819048823857
2020,20201101,159781.0,181920.0,0.13855840181248083
2020,20200801,558.0,791.0,0.4175627240143369
2020,20200901,794.0,976.0,0.22921914357682618
2020,20201001,981.0,1121.0,0.14271151885830785
2020,20201101,1127.0,1300.0,0.15350488021295475
2020,20200801,23.0,45.0,0.9565217391304348
2020,20200901,46.0,102.0,1.2173913043478262
2020,20201001,105.0,176.0,0.6761904761904762
2020,20201101,180.0,333.0,0.85
2020,20200801,5069.0,8496.0,0.6760702308147564
2020,20200901,8582.0,9774.0,0.1388953623863901
2020,20201001,9806.0,10926.0,0.1142157862533143
2020,20201101,10977.0,11952.0,0.08882208253621209
2020,20200801,142.0,170.0,0.19718309859154928
2020,20200901,171.0,192.0,0.12280701754385964
2020,20201001,192.0,229.0,0.19270833333333334
2020,20201101,229.0,240.0,0.048034934497816595
2020,20200801,132.0,272.0,1.0606060606060606
2020,20200901,278.0,573.0,1.0611510791366907
2020,20201001,595.0,1170.0,0.9663865546218487
2020,20201101,1207.0,1979.0,0.6396023198011599
2020,20200801,14721.0,18631.0,0.26560695604918144
2020,20200901,18734.0,21843.0,0.1659549482224832
2020,20201001,21953.0,27627.0,0.2584612581423951
2020,20201101,27861.0,37726.0,0.354079178780374
2020,20200801,148.0,486.0,2.2837837837837838
2020,20200901,490.0,779.0,0.5897959183673469
2020,20201001,786.0,1120.0,0.42493638676844786
2020,20201101,1154.0,1763.0,0.5277296360485269
2020,20200801,51.0,68.0,0.3333333333333333
2020,20200901,68.0,102.0,0.5
2020,20201001,102.0,172.0,0.6862745098039216
2020,20201101,172.0,393.0,1.2848837209302326
2020,20200801,102.0,175.0,0.7156862745098039
2020,20200901,177.0,237.0,0.3389830508474576
2020,20201001,241.0,527.0,1.1867219917012448
2020,20201101,538.0,789.0,0.46654275092936803
2020,20200801,594.0,781.0,0.3148148148148148
2020,20200901,783.0,875.0,0.11749680715197956
2020,20201001,883.0,976.0,0.10532276330690826
2020,20201101,979.0,1056.0,0.07865168539325842
2020,20200801,150.0,471.0,2.14
2020,20200901,483.0,690.0,0.42857142857142855
2020,20201001,700.0,991.0,0.4157142857142857
2020,20201101,1008.0,1499.0,0.4871031746031746
2020,20200801,2867.0,3002.0,0.04708754795953959
2020,20200901,3006.0,3125.0,0.039587491683300065
2020,20201001,3138.0,3547.0,0.13033779477374124
2020,20201101,3585.0,4267.0,0.19023709902370992
2020,20200801,2614.0,3830.0,0.4651874521805662
2020,20200901,3870.0,4779.0,0.23488372093023255
2020,20201001,4813.0,6121.0,0.271763972574278
2020,20201101,6252.0,7830.0,0.2523992322456814
2020,20200801,513.0,709.0,0.3820662768031189
2020,20200901,718.0,897.0,0.24930362116991645
2020,20201001,898.0,1165.0,0.2973273942093541
2020,20201101,1170.0,1269.0,0.08461538461538462
2020,20200801,199.0,325.0,0.6331658291457286
2020,20200901,328.0,555.0,0.6920731707317073
2020,20201001,560.0,834.0,0.48928571428571427
2020,20201101,835.0,1001.0,0.19880239520958085
2020,20200801,123.0,140.0,0.13821138211382114
2020,20200901,140.0,150.0,0.07142857142857142
2020,20201001,151.0,172.0,0.1390728476821192
2020,20201101,173.0,182.0,0.05202312138728324
2020,20200801,172.0,220.0,0.27906976744186046
2020,20200901,219.0,285.0,0.3013698630136986
2020,20201001,292.0,410.0,0.4041095890410959
2020,20201101,419.0,635.0,0.5155131264916468
2020,20200801,20679.0,25556.0,0.23584312587649306
2020,20200901,25790.0,28975.0,0.12349747964327258
2020,20201001,29132.0,34473.0,0.1833379102018399
2020,20201101,34668.0,39432.0,0.1374177916233991
2020,20200801,305.0,516.0,0.6918032786885245
2020,20200901,529.0,733.0,0.3856332703213611
2020,20201001,735.0,901.0,0.22585034013605443
2020,20201101,904.0,957.0,0.0586283185840708
2020,20200801,347.0,484.0,0.39481268011527376
2020,20200901,488.0,546.0,0.11885245901639344
2020,20201001,546.0,700.0,0.28205128205128205
2020,20201101,700.0,748.0,0.06857142857142857
2020,20200801,121206.0,156909.0,0.2945646255135884
2020,20200901,159058.0,170399.0,0.07130103484263602
2020,20201001,170881.0,185890.0,0.08783305341143836
2020,20201101,186808.0,207220.0,0.10926726906770588
2020,20200801,19519.0,24079.0,0.2336185255392182
2020,20200901,24189.0,30926.0,0.27851502749183515
2020,20201001,31280.0,45652.0,0.45946291560102304
2020,20201101,46281.0,62175.0,0.343423867245738
2020,20200801,3001.0,3615.0,0.20459846717760746
2020,20200901,3639.0,4004.0,0.10030228084638637
2020,20201001,4017.0,4440.0,0.1053024645257655
2020,20201101,4453.0,5271.0,0.18369638445991465
2020,20200801,6189.0,7992.0,0.2913233155598643
2020,20200901,8053.0,8894.0,0.1044331305103688
2020,20201001,8918.0,10654.0,0.1946624803767661
2020,20201101,10702.0,11789.0,0.10156980003737619
2020,20200801,25.0,101.0,3.04
2020,20200901,104.0,155.0,0.49038461538461536
2020,20201001,160.0,186.0,0.1625
2020,20201101,188.0,223.0,0.18617021276595744
2020,20200801,128.0,217.0,0.6953125
2020,20200901,217.0,311.0,0.43317972350230416
2020,20201001,317.0,416.0,0.31230283911671924
2020,20201101,400.0,417.0,0.0425
2020,20200801,141.0,252.0,0.7872340425531915
2020,20200901,251.0,389.0,0.549800796812749
2020,20201001,398.0,667.0,0.6758793969849246
2020,20201101,687.0,960.0,0.39737991266375544
2020,20200801,338.0,427.0,0.26331360946745563
2020,20200901,428.0,515.0,0.20327102803738317
2020,20201001,515.0,721.0,0.4
2020,20201101,738.0,1156.0,0.5663956639566395
2020,20200801,43.0,78.0,0.813953488372093
2020,20200901,80.0,100.0,0.25
2020,20201001,105.0,205.0,0.9523809523809523
2020,20201101,213.0,389.0,0.8262910798122066
2020,20200801,152.0,252.0,0.6578947368421053
2020,20200901,257.0,435.0,0.6926070038910506
2020,20201001,435.0,722.0,0.6597701149425287
2020,20201101,722.0,940.0,0.30193905817174516
2020,20200801,110.0,192.0,0.7454545454545455
2020,20200901,199.0,291.0,0.4623115577889447
2020,20201001,291.0,562.0,0.9312714776632303
2020,20201101,571.0,747.0,0.30823117338003503
2020,20200801,17704.0,20045.0,0.13223000451875283
2020,20200901,20142.0,22624.0,0.1232251017773806
2020,20201001,22719.0,26033.0,0.1458690963510718
2020,20201101,26154.0,29874.0,0.14223445744436797
2020,20200801,291.0,410.0,0.40893470790378006
2020,20200901,411.0,470.0,0.1435523114355231
2020,20201001,475.0,575.0,0.21052631578947367
2020,20201101,575.0,690.0,0.2
2020,20200801,33.0,56.0,0.696969696969697
2020,20200901,55.0,88.0,0.6
2020,20201001,87.0,188.0,1.160919540229885
2020,20201101,191.0,275.0,0.4397905759162304
2020,20200801,155.0,206.0,0.32903225806451614
2020,20200901,207.0,235.0,0.13526570048309178
2020,20201001,235.0,273.0,0.16170212765957448
2020,20201101,273.0,349.0,0.2783882783882784
2020,20200801,585.0,885.0,0.5128205128205128
2020,20200901,893.0,1052.0,0.1780515117581187
2020,20201001,1053.0,1208.0,0.14719848053181386
2020,20201101,1213.0,1304.0,0.07502061005770816
2020,20200801,3970.0,5786.0,0.4574307304785894
2020,20200901,6092.0,8037.0,0.3192711753118844
2020,20201001,8120.0,11889.0,0.46416256157635466
2020,20201101,12156.0,17496.0,0.43928923988154
2020,20200801,9813.0,11035.0,0.12452868643635993
2020,20200901,11093.0,12285.0,0.10745515189759308
2020,20201001,12325.0,14301.0,0.16032454361054765
2020,20201101,14421.0,18155.0,0.25892795229179666
2020,20200801,1677.0,2475.0,0.47584973166368516
2020,20200901,2494.0,3174.0,0.272654370489174
2020,20201001,3178.0,4451.0,0.40056639395846444
2020,20201101,4480.0,5759.0,0.28549107142857144
2020,20200801,6196.0,8736.0,0.40994189799870884
2020,20200901,8800.0,11092.0,0.26045454545454544
2020,20201001,11221.0,14175.0,0.2632563942607611
2020,20201101,14175.0,15428.0,0.08839506172839506
2020,20200801,275.0,493.0,0.7927272727272727
2020,20200901,532.0,1997.0,2.7537593984962405
2020,20201001,2022.0,2937.0,0.45252225519287836
2020,20201101,2958.0,3502.0,0.1839080459770115
2020,20200801,1122.0,2010.0,0.7914438502673797
2020,20200901,1958.0,2493.0,0.2732379979570991
2020,20201001,2507.0,3570.0,0.4240127642600718
2020,20201101,3570.0,6636.0,0.8588235294117647
2020,20200801,175.0,299.0,0.7085714285714285
2020,20200901,301.0,482.0,0.6013289036544851
2020,20201001,498.0,1070.0,1.1485943775100402
2020,20201101,1096.0,1985.0,0.8111313868613139
2020,20200801,6843.0,8190.0,0.1968434896975011
2020,20200901,8250.0,10368.0,0.25672727272727275
2020,20201001,10520.0,13192.0,0.2539923954372624
2020,20201101,13259.0,16240.0,0.22482841843276266
2020,20200801,2322.0,3031.0,0.3053402239448751
2020,20200901,3122.0,4352.0,0.3939782190903267
2020,20201001,4379.0,5410.0,0.23544188170815256
2020,20201101,5447.0,6281.0,0.1531118046631173
2020,20200801,14721.0,18053.0,0.2263433190679981
2020,20200901,18168.0,20854.0,0.14784236019374725
2020,20201001,20922.0,26579.0,0.27038524041678613
2020,20201101,26579.0,37587.0,0.41416155611573047
2020,20200801,36833.0,48538.0,0.317785681318383
2020,20200901,48825.0,55239.0,0.13136712749615975
2020,20201001,55437.0,61836.0,0.11542832404350885
2020,20201101,62080.0,68816.0,0.10850515463917526
2020,20200801,29465.0,35901.0,0.21842864415408111
2020,20200901,36399.0,40328.0,0.10794252589356851
2020,20201001,40484.0,46433.0,0.1469469420017785
2020,20201101,46724.0,52861.0,0.13134577519048027
2020,20200801,163.0,242.0,0.48466257668711654
2020,20200901,244.0,291.0,0.19262295081967212
2020,20201001,292.0,453.0,0.5513698630136986
2020,20201101,457.0,603.0,0.31947483588621445
2020,20200801,11103.0,11448.0,0.0310726830586328
2020,20200901,11460.0,12158.0,0.06090750436300175
2020,20201001,12214.0,13845.0,0.13353528737514328
2020,20201101,13904.0,15427.0,0.10953682393555811
2020,20200801,1278.0,2268.0,0.7746478873239436
2020,20200901,2305.0,2688.0,0.16616052060737527
2020,20201001,2703.0,3155.0,0.16722160562338143
2020,20201101,3160.0,3572.0,0.13037974683544304
2020,20200801,1021.0,1817.0,0.7796278158667973
2020,20200901,1767.0,2008.0,0.13638936049801925
2020,20201001,1999.0,2267.0,0.1340670335167584
2020,20201101,2267.0,2427.0,0.070577856197618
2020,20200801,14.0,20.0,0.42857142857142855
2020,20200901,20.0,25.0,0.25
2020,20201001,25.0,38.0,0.52
2020,20201101,38.0,129.0,2.3947368421052633
2020,20200801,210.0,262.0,0.24761904761904763
2020,20200901,264.0,329.0,0.24621212121212122
2020,20201001,331.0,421.0,0.2719033232628399
2020,20201101,427.0,495.0,0.1592505854800937
2020,20200801,8649.0,11134.0,0.2873164527691063
2020,20200901,11260.0,12556.0,0.11509769094138543
2020,20201001,12605.0,14287.0,0.13343911146370488
2020,20201101,14380.0,16491.0,0.1468011126564673
2020,20200801,77.0,99.0,0.2857142857142857
2020,20200901,99.0,181.0,0.8282828282828283
2020,20201001,182.0,316.0,0.7362637362637363
2020,20201101,319.0,461.0,0.445141065830721
2020,20200801,68.0,79.0,0.16176470588235295
2020,20200901,79.0,99.0,0.25316455696202533
2020,20201001,99.0,201.0,1.0303030303030303
2020,20201101,201.0,380.0,0.8905472636815921
2020,20200801,33852.0,41963.0,0.23960179605340895
2020,20200901,42385.0,46550.0,0.09826589595375723
2020,20201001,46696.0,52445.0,0.12311547027582663
2020,20201101,52777.0,59654.0,0.13030297288591622
2020,20200801,351.0,548.0,0.5612535612535613
2020,20200901,564.0,711.0,0.26063829787234044
2020,20201001,717.0,902.0,0.2580195258019526
2020,20201101,904.0,1007.0,0.11393805309734513
2020,20200801,146.0,229.0,0.5684931506849316
2020,20200901,230.0,254.0,0.10434782608695652
2020,20201001,257.0,310.0,0.20622568093385213
2020,20201101,311.0,533.0,0.7138263665594855
2020,20200801,30354.0,33778.0,0.11280226658759966
2020,20200901,33909.0,37226.0,0.09782063758884071
2020,20201001,37361.0,44505.0,0.1912154385589251
2020,20201101,44505.0,57201.0,0.28527131782945736
2020,20200801,2348.0,2493.0,0.061754684838160136
2020,20200901,2495.0,2692.0,0.07895791583166333
2020,20201001,2692.0,3222.0,0.19687964338781574
2020,20201101,3243.0,3752.0,0.15695343817452975
2020,20200801,16475.0,21221.0,0.2880728376327769
2020,20200901,21286.0,25628.0,0.20398383914309876
2020,20201001,25706.0,28598.0,0.11250291760678441
2020,20201101,28824.0,33822.0,0.17339716902581181
2020,20200801,1739.0,3529.0,1.0293271995399655
2020,20200901,3617.0,4976.0,0.3757257395631739
2020,20201001,5019.0,6300.0,0.25523012552301255
2020,20201101,6331.0,7101.0,0.12162375612067604
2020,20200801,128.0,224.0,0.75
2020,20200901,225.0,268.0,0.19111111111111112
2020,20201001,272.0,370.0,0.3602941176470588
2020,20201101,374.0,618.0,0.6524064171122995
2020,20200801,12735.0,17011.0,0.3357675696898312
2020,20200901,17159.0,20032.0,0.16743399965032926
2020,20201001,20120.0,23164.0,0.15129224652087475
2020,20201101,23306.0,25696.0,0.10254869990560371
2020,20200801,664.0,1216.0,0.8313253012048193
2020,20200901,1220.0,1490.0,0.22131147540983606
2020,20201001,1498.0,1871.0,0.24899866488651534
2020,20201101,1874.0,2208.0,0.17822838847385272
2020,20200801,9609.0,13385.0,0.3929649287126652
2020,20200901,13465.0,16203.0,0.2033419977720015
2020,20201001,16304.0,20413.0,0.2520240431795878
2020,20201101,20796.0,29223.0,0.4052221581073283
2020,20200801,127.0,200.0,0.5748031496062992
2020,20200901,204.0,334.0,0.6372549019607843
2020,20201001,337.0,912.0,1.7062314540059347
2020,20201101,972.0,1845.0,0.8981481481481481
2020,20200801,189.0,317.0,0.6772486772486772
2020,20200901,347.0,769.0,1.2161383285302594
2020,20201001,805.0,1232.0,0.5304347826086957
2020,20201101,1232.0,1595.0,0.29464285714285715
2020,20200801,24.0,33.0,0.375
2020,20200901,33.0,65.0,0.9696969696969697
2020,20201001,68.0,204.0,2.0
2020,20201101,205.0,279.0,0.36097560975609755
2020,20200801,136.0,227.0,0.6691176470588235
2020,20200901,229.0,322.0,0.40611353711790393
2020,20201001,322.0,405.0,0.2577639751552795
2020,20201101,407.0,438.0,0.07616707616707617
2020,20200801,286.0,425.0,0.486013986013986
2020,20200901,429.0,535.0,0.24708624708624707
2020,20201001,538.0,690.0,0.2825278810408922
2020,20201101,695.0,940.0,0.35251798561151076
2020,20200801,157.0,327.0,1.0828025477707006
2020,20200901,331.0,410.0,0.23867069486404835
2020,20201001,413.0,542.0,0.31234866828087166
2020,20201101,542.0,607.0,0.11992619926199262
2020,20200801,659.0,851.0,0.291350531107739
2020,20200901,851.0,1091.0,0.282021151586369
2020,20201001,1115.0,1298.0,0.16412556053811658
2020,20201101,1298.0,1479.0,0.13944530046224962
2020,20200801,117.0,171.0,0.46153846153846156
2020,20200901,171.0,266.0,0.5555555555555556
2020,20201001,274.0,656.0,1.3941605839416058
2020,20201101,680.0,1708.0,1.511764705882353
2020,20200801,6763.0,9203.0,0.3607866331509685
2020,20200901,9243.0,11209.0,0.21270150384074435
2020,20201001,11278.0,15139.0,0.34234793403085656
2020,20201101,15318.0,22497.0,0.46866431649040347
2020,20200801,40.0,121.0,2.025
2020,20200901,122.0,249.0,1.040983606557377
2020,20201001,255.0,583.0,1.2862745098039217
2020,20201101,601.0,958.0,0.5940099833610649
2020,20200801,73.0,104.0,0.4246575342465753
2020,20200901,107.0,184.0,0.719626168224299
2020,20201001,186.0,382.0,1.053763440860215
2020,20201101,397.0,549.0,0.38287153652392947
2020,20200801,2.0,9.0,3.5
2020,20200901,10.0,44.0,3.4
2020,20201001,45.0,59.0,0.3111111111111111
2020,20201101,59.0,75.0,0.2711864406779661
2020,20200801,1492.0,1848.0,0.2386058981233244
2020,20200901,1866.0,2822.0,0.5123258306538049
2020,20201001,2873.0,5796.0,1.0174034110685695
2020,20201101,5957.0,8382.0,0.40708410273627665
2020,20200801,66.0,85.0,0.2878787878787879
2020,20200901,84.0,119.0,0.4166666666666667
2020,20201001,120.0,154.0,0.2833333333333333
2020,20201101,155.0,212.0,0.36774193548387096
2020,20200801,1629.0,1809.0,0.11049723756906077
2020,20200901,1813.0,2036.0,0.12300055157198014
2020,20201001,2049.0,2726.0,0.3304050756466569
2020,20201101,2766.0,3776.0,0.36514822848879247
2020,20200801,461.0,813.0,0.7635574837310195
2020,20200901,846.0,1291.0,0.5260047281323877
2020,20201001,1323.0,2125.0,0.6061980347694633
2020,20201101,2155.0,2645.0,0.2273781902552204
2020,20200801,898.0,1058.0,0.17817371937639198
2020,20200901,1069.0,1460.0,0.36576239476145933
2020,20201001,1477.0,1785.0,0.20853080568720378
2020,20201101,1820.0,2017.0,0.10824175824175825
2020,20200801,10015.0,18051.0,0.8023964053919121
2020,20200901,18285.0,22653.0,0.23888433141919607
2020,20201001,22754.0,26184.0,0.150742726553573
2020,20201101,26315.0,31851.0,0.2103743112293369
2020,20200801,1840.0,2532.0,0.3760869565217391
2020,20200901,2543.0,3007.0,0.18246165945733386
2020,20201001,3035.0,4234.0,0.39505766062602965
2020,20201101,4234.0,6849.0,0.6176192725555031
2020,20200801,19323.0,24039.0,0.2440614811364695
2020,20200901,24203.0,31700.0,0.3097549890509441
2020,20201001,32019.0,49087.0,0.5330584965176927
2020,20201101,49887.0,67942.0,0.3619179345320424
2020,20200801,6566.0,8029.0,0.22281449893390193
2020,20200901,8173.0,9097.0,0.11305518169582772
2020,20201001,9107.0,10411.0,0.14318655978917316
2020,20201101,10470.0,11786.0,0.1256924546322827
2020,20200801,144.0,285.0,0.9791666666666666
2020,20200901,292.0,361.0,0.2363013698630137
2020,20201001,366.0,412.0,0.12568306010928962
2020,20201101,412.0,499.0,0.2111650485436893
2020,20200801,189.0,323.0,0.708994708994709
2020,20200901,327.0,472.0,0.4434250764525994
2020,20201001,485.0,834.0,0.7195876288659794
2020,20201101,847.0,1098.0,0.29634002361275086
2020,20200801,33.0,51.0,0.5454545454545454
2020,20200901,54.0,86.0,0.5925925925925926
2020,20201001,86.0,193.0,1.244186046511628
2020,20201101,199.0,366.0,0.8391959798994975
2020,20200801,121.0,195.0,0.6115702479338843
2020,20200901,196.0,278.0,0.41836734693877553
2020,20201001,282.0,438.0,0.5531914893617021
2020,20201101,439.0,584.0,0.33029612756264237
2020,20200801,5259.0,5494.0,0.04468530138809659
2020,20200901,5499.0,5904.0,0.07364975450081833
2020,20201001,5924.0,6624.0,0.11816340310600945
2020,20201101,6650.0,8038.0,0.2087218045112782
2020,20200801,124.0,165.0,0.33064516129032256
2020,20200901,167.0,220.0,0.31736526946107785
2020,20201001,225.0,461.0,1.048888888888889
2020,20201101,474.0,1045.0,1.2046413502109705
2020,20200801,7.0,24.0,2.4285714285714284
2020,20200901,24.0,56.0,1.3333333333333333
2020,20201001,56.0,96.0,0.7142857142857143
2020,20201101,99.0,176.0,0.7777777777777778
2020,20200801,187.0,687.0,2.6737967914438503
2020,20200901,740.0,1664.0,1.2486486486486486
2020,20201001,1682.0,2438.0,0.44946492271105826
2020,20201101,2473.0,3106.0,0.255964415689446
2020,20200801,1661.0,2326.0,0.4003612281757977
2020,20200901,2354.0,2956.0,0.25573491928632114
2020,20201001,2979.0,4455.0,0.4954682779456193
2020,20201101,4528.0,7233.0,0.5973939929328622
2020,20200801,364.0,403.0,0.10714285714285714
2020,20200901,406.0,438.0,0.07881773399014778
2020,20201001,436.0,487.0,0.11697247706422019
2020,20201101,488.0,542.0,0.11065573770491803
2020,20200801,1091.0,1852.0,0.6975252062328139
2020,20200901,1881.0,2313.0,0.22966507177033493
2020,20201001,2397.0,2945.0,0.22861910721735504
2020,20201101,2960.0,3212.0,0.08513513513513514
2020,20200801,724.0,856.0,0.18232044198895028
2020,20200901,861.0,934.0,0.08478513356562137
2020,20201001,935.0,1138.0,0.21711229946524063
2020,20201101,1138.0,1186.0,0.0421792618629174
2020,20200801,2289.0,2832.0,0.23722149410222804
2020,20200901,2865.0,3238.0,0.13019197207678884
2020,20201001,3247.0,3606.0,0.11056359716661533
2020,20201101,3619.0,3950.0,0.0914617297596021
2020,20200801,28871.0,41617.0,0.4414810709708704
2020,20200901,41860.0,50417.0,0.20441949354992833
2020,20201001,50729.0,67484.0,0.3302844526799267
2020,20201101,68233.0,85759.0,0.25685518737267893
2020,20200801,11037.0,15173.0,0.3747395125486998
2020,20200901,15330.0,18040.0,0.17677756033920417
2020,20201001,18125.0,21788.0,0.20209655172413793
2020,20201101,21826.0,26068.0,0.19435535599743425
2020,20200801,5293.0,7259.0,0.3714339693935386
2020,20200901,7326.0,9617.0,0.3127218127218127
2020,20201001,9696.0,13637.0,0.4064562706270627
2020,20201101,13752.0,19742.0,0.43557300756253636
2020,20200801,251.0,434.0,0.7290836653386454
2020,20200901,442.0,905.0,1.0475113122171946
2020,20201001,927.0,1425.0,0.5372168284789643
2020,20201101,1434.0,1625.0,0.13319386331938632
2020,20200801,3578.0,5568.0,0.5561766349916154
2020,20200901,5607.0,8326.0,0.4849295523452827
2020,20201001,8512.0,14462.0,0.6990131578947368
2020,20201101,14569.0,23149.0,0.5889216830256023
2020,20200801,615.0,957.0,0.5560975609756098
2020,20200901,967.0,1140.0,0.17890382626680454
2020,20201001,1145.0,1397.0,0.2200873362445415
2020,20201101,1403.0,1528.0,0.08909479686386315
2020,20200801,43.0,111.0,1.5813953488372092
2020,20200901,112.0,300.0,1.6785714285714286
2020,20201001,310.0,532.0,0.7161290322580646
2020,20201101,546.0,746.0,0.3663003663003663
2020,20200801,588.0,887.0,0.5085034013605442
2020,20200901,897.0,1145.0,0.27647714604236345
2020,20201001,1153.0,2100.0,0.821335646140503
2020,20201101,2118.0,2971.0,0.40273843248347496
2020,20200801,15.0,50.0,2.3333333333333335
2020,20200901,52.0,89.0,0.7115384615384616
2020,20201001,89.0,161.0,0.8089887640449438
2020,20201101,162.0,268.0,0.654320987654321
2020,20200801,55.0,97.0,0.7636363636363637
2020,20200901,97.0,163.0,0.6804123711340206
2020,20201001,171.0,319.0,0.8654970760233918
2020,20201101,321.0,544.0,0.6947040498442367
2020,20200801,27208.0,31256.0,0.1487797706556895
2020,20200901,31382.0,35481.0,0.13061627684659996
2020,20201001,35613.0,42198.0,0.18490438884676944
2020,20201101,42198.0,53790.0,0.27470496232048913
2020,20200801,731.0,847.0,0.15868673050615595
2020,20200901,849.0,915.0,0.07773851590106007
2020,20201001,918.0,1039.0,0.1318082788671024
2020,20201101,1040.0,1125.0,0.08173076923076923
2020,20200801,34.0,85.0,1.5
2020,20200901,87.0,226.0,1.5977011494252873
2020,20201001,226.0,321.0,0.42035398230088494
2020,20201101,331.0,423.0,0.27794561933534745
2020,20200801,35.0,54.0,0.5428571428571428
2020,20200901,54.0,169.0,2.1296296296296298
2020,20201001,174.0,373.0,1.1436781609195403
2020,20201101,386.0,641.0,0.6606217616580311
2020,20200801,245.0,280.0,0.14285714285714285
2020,20200901,280.0,323.0,0.15357142857142858
2020,20201001,326.0,550.0,0.6871165644171779
2020,20201101,561.0,824.0,0.46880570409982175
2020,20200801,2299.0,2820.0,0.22662026968247065
2020,20200901,2830.0,3427.0,0.2109540636042403
2020,20201001,3459.0,4720.0,0.3645562301243134
2020,20201101,4756.0,5261.0,0.10618166526492852
2020,20200801,488.0,759.0,0.555327868852459
2020,20200901,765.0,950.0,0.24183006535947713
2020,20201001,961.0,1823.0,0.8969823100936525
2020,20201101,1858.0,2823.0,0.5193756727664155
2020,20200801,157.0,177.0,0.12738853503184713
2020,20200901,178.0,238.0,0.33707865168539325
2020,20201001,245.0,293.0,0.19591836734693877
2020,20201101,294.0,360.0,0.22448979591836735
2020,20200801,212.0,1279.0,5.033018867924528
2020,20200901,1439.0,1505.0,0.04586518415566365
2020,20201001,1509.0,1624.0,0.07620941020543406
2020,20201101,1624.0,1738.0,0.07019704433497537
2020,20200801,2.0,2.0,0.0
2020,20200901,2.0,2.0,0.0
2020,20201001,2.0,21.0,9.5
2020,20201101,21.0,43.0,1.0476190476190477
2020,20200801,182.0,248.0,0.3626373626373626
2020,20200901,253.0,406.0,0.6047430830039525
2020,20201001,407.0,612.0,0.5036855036855037
2020,20201101,626.0,849.0,0.3562300319488818
2020,20200801,1422.0,1815.0,0.27637130801687765
2020,20200901,1819.0,2277.0,0.2517866959868059
2020,20201001,2299.0,4472.0,0.9451935624184428
2020,20201101,4538.0,6649.0,0.4651828999559277
2020,20200801,193.0,223.0,0.15544041450777202
2020,20200901,224.0,276.0,0.23214285714285715
2020,20201001,275.0,351.0,0.27636363636363637
2020,20201101,351.0,386.0,0.09971509971509972
2020,20200801,9.0,23.0,1.5555555555555556
2020,20200901,23.0,64.0,1.7826086956521738
2020,20201001,64.0,124.0,0.9375
2020,20201101,124.0,232.0,0.8709677419354839
2020,20200801,1382.0,1733.0,0.2539797395079595
2020,20200901,1752.0,2275.0,0.2985159817351598
2020,20201001,2296.0,3144.0,0.3693379790940767
2020,20201101,3173.0,3633.0,0.14497321147179326
2020,20200801,2041.0,2828.0,0.3855952964233219
2020,20200901,2870.0,3605.0,0.25609756097560976
2020,20201001,3636.0,4959.0,0.36386138613861385
2020,20201101,4999.0,6476.0,0.29545909181836366
2020,20200801,414.0,539.0,0.30193236714975846
2020,20200901,540.0,902.0,0.6703703703703704
2020,20201001,912.0,1007.0,0.10416666666666667
2020,20201101,1004.0,1075.0,0.07071713147410359
2020,20200801,1778.0,2311.0,0.2997750281214848
2020,20200901,2321.0,2567.0,0.1059887979319259
2020,20201001,2583.0,3022.0,0.16995741385985288
2020,20201101,3029.0,3864.0,0.2756685374711126
